,real_value,prediction
0,1,1
1,1,1
2,0,0
3,0,1
4,0,0
5,1,1
6,0,0
7,1,1
8,1,1
9,0,0
10,0,0
11,0,0
12,0,0
13,1,1
14,1,1
15,0,0
16,0,0
17,1,1
18,1,1
19,1,1
20,0,0
21,0,0
22,1,1
23,0,0
24,0,0
25,0,0
26,1,1
27,0,0
28,1,1
29,1,1
30,0,0
31,0,0
32,1,1
33,1,1
34,0,0
35,1,1
36,0,0
37,1,1
38,1,1
39,1,1
40,0,0
41,1,1
42,0,0
43,0,0
44,1,1
45,1,1
46,1,1
47,0,0
48,1,1
49,1,1
50,1,1
51,1,1
52,0,0
53,0,0
54,0,0
55,1,1
56,0,0
57,1,1
58,1,1
59,0,0
60,0,0
61,1,1
62,0,0
63,0,0
64,1,1
65,0,0
66,1,1
67,0,0
68,0,0
69,1,1
70,1,1
71,1,1
72,1,1
73,0,0
74,0,0
75,1,1
76,0,0
77,0,0
78,1,1
79,1,1
80,1,1
81,1,1
82,0,0
83,0,0
84,1,1
85,1,1
86,1,1
87,0,0
88,1,1
89,1,1
90,0,0
91,1,1
92,1,1
93,0,0
94,0,0
95,1,1
96,1,1
97,0,0
98,1,1
99,0,0
100,0,0
101,1,1
102,0,0
103,1,1
104,0,0
105,1,1
106,1,1
107,1,1
108,1,1
109,1,1
110,1,1
111,0,0
112,0,0
113,0,0
114,1,1
115,1,1
116,0,0
117,1,1
118,1,1
119,1,1
120,0,0
121,0,0
122,1,1
123,0,0
124,1,1
125,1,1
126,0,0
127,1,1
128,0,0
129,1,1
130,1,1
131,1,1
132,0,0
133,0,1
134,0,0
135,0,0
136,1,1
137,0,0
138,0,0
139,0,0
140,1,1
141,0,0
142,0,0
143,1,1
144,1,1
145,0,0
146,1,1
147,0,0
148,0,0
149,0,0
150,1,1
151,1,1
152,0,0
153,0,0
154,0,0
155,0,0
156,0,0
157,1,1
158,0,0
159,1,1
160,0,1
161,0,0
162,1,1
163,0,0
164,1,1
165,1,1
166,1,1
167,0,0
168,1,1
169,1,1
170,1,1
171,0,0
172,1,1
173,1,1
174,1,1
175,0,0
176,0,0
177,0,0
178,0,0
179,0,0
180,0,0
181,1,1
182,0,0
183,0,0
184,1,1
185,0,0
186,1,1
187,0,0
188,0,0
189,0,0
190,1,1
191,0,0
192,1,1
193,1,1
194,1,1
195,0,0
196,0,1
197,0,0
198,0,0
199,0,0
200,0,0
201,1,1
202,1,1
203,1,1
204,1,1
205,1,1
206,0,0
207,1,1
208,0,0
209,0,0
210,1,1
211,1,1
212,1,1
213,1,1
214,1,1
215,1,1
216,0,0
217,0,0
218,1,1
219,0,0
220,0,0
221,1,1
222,1,1
223,0,0
224,1,1
225,1,1
226,0,0
227,1,1
228,0,0
229,1,1
230,0,0
231,0,0
232,1,1
233,0,0
234,0,0
235,0,0
236,0,0
237,0,0
238,0,0
239,0,0
240,1,1
241,0,0
242,1,1
243,0,0
244,1,1
245,0,0
246,0,0
247,1,1
248,0,0
249,0,0
250,1,1
251,1,1
252,1,1
253,0,0
254,0,0
255,0,0
256,0,0
257,1,1
258,0,0
259,0,1
260,1,1
261,1,1
262,1,1
263,1,1
264,0,0
265,0,0
266,0,0
267,0,0
268,1,1
269,0,1
270,0,0
271,0,0
272,0,0
273,0,0
274,1,1
275,1,1
276,1,1
277,1,1
278,0,0
279,1,1
280,1,1
281,1,1
282,1,1
283,1,1
284,0,0
285,0,0
286,0,0
287,0,0
288,0,0
289,0,0
290,0,0
291,1,1
292,1,1
293,1,1
294,1,1
295,1,1
296,1,1
297,0,0
298,1,1
299,1,1
300,1,1
301,0,0
302,0,0
303,0,0
304,0,0
305,0,0
306,1,1
307,0,0
308,1,1
309,0,0
310,1,1
311,0,0
312,0,0
313,1,1
314,1,1
315,0,0
316,1,1
317,0,0
318,0,0
319,1,1
320,0,0
321,1,1
322,1,1
323,0,0
324,1,1
325,1,1
326,1,1
327,0,0
328,1,1
329,1,1
330,0,0
331,1,1
332,0,0
333,1,1
334,1,1
335,1,1
336,0,0
337,1,1
338,0,0
339,0,0
340,1,1
341,0,0
342,0,0
343,0,0
344,1,1
345,0,0
346,1,1
347,0,0
348,1,1
349,0,0
350,0,0
351,0,0
352,0,0
353,1,1
354,0,0
355,0,0
356,0,0
357,1,1
358,1,1
359,0,0
360,0,0
361,1,1
362,1,1
363,0,0
364,0,0
365,1,1
366,1,1
367,1,1
368,0,0
369,1,1
370,0,0
371,0,0
372,0,0
373,0,0
374,1,1
375,1,1
376,0,1
377,1,1
378,0,0
379,1,1
380,0,0
381,1,1
382,0,0
383,1,1
384,1,1
385,0,0
386,1,1
387,0,0
388,0,0
389,1,1
390,0,0
391,0,0
392,1,1
393,0,0
394,0,0
395,1,1
396,1,1
397,1,1
398,1,1
399,1,1
400,1,1
401,0,0
402,0,0
403,1,1
404,0,0
405,1,1
406,0,0
407,0,0
408,0,0
409,0,0
410,0,0
411,1,1
412,1,1
413,1,1
414,1,1
415,0,0
416,1,1
417,0,0
418,0,0
419,1,1
420,0,0
421,1,1
422,1,1
423,0,0
424,0,0
425,1,1
426,1,1
427,0,0
428,1,1
429,1,1
430,1,1
431,0,0
432,0,0
433,1,1
434,0,1
435,1,1
436,0,0
437,0,0
438,0,0
439,0,0
440,0,0
441,1,1
442,0,0
443,0,0
444,0,0
445,1,1
446,1,1
447,0,0
448,1,1
449,0,0
450,0,0
451,1,1
452,0,0
453,0,0
454,0,0
455,1,1
456,0,0
457,1,1
458,1,1
459,0,0
460,1,1
461,1,1
462,0,0
463,0,0
464,1,1
465,0,0
466,0,0
467,1,1
468,1,1
469,1,1
470,0,0
471,1,1
472,0,0
473,1,1
474,0,0
475,0,0
476,0,0
477,1,1
478,0,0
479,1,1
480,0,0
481,0,0
482,0,0
483,1,1
484,0,0
485,1,1
486,1,1
487,1,1
488,1,1
489,0,0
490,0,1
491,0,0
492,0,1
493,1,1
494,1,1
495,0,0
496,1,1
497,0,0
498,1,1
499,0,0
500,0,0
501,1,1
502,0,0
503,1,1
504,1,1
505,1,1
506,1,1
507,1,1
508,1,1
509,0,1
510,1,1
511,1,1
512,0,0
513,1,1
514,1,1
515,0,0
516,1,1
517,0,0
518,0,0
519,1,1
520,0,0
521,0,0
522,1,1
523,1,1
524,1,1
525,1,1
526,1,1
527,0,0
528,0,0
529,0,0
530,1,1
531,0,0
532,1,1
533,0,0
534,0,0
535,1,1
536,1,1
537,0,0
538,1,1
539,0,0
540,0,0
541,0,0
542,1,1
543,0,0
544,0,0
545,1,1
546,1,1
547,0,0
548,0,0
549,1,1
550,1,1
551,1,1
552,1,1
553,1,1
554,0,0
555,0,0
556,1,1
557,1,1
558,1,1
559,1,1
560,0,0
561,1,1
562,0,0
563,1,1
564,0,0
565,0,0
566,0,0
567,0,0
568,0,0
569,1,1
570,0,0
571,0,0
572,0,0
573,1,1
574,1,1
575,1,1
576,1,1
577,1,1
578,0,0
579,0,0
580,1,1
581,0,0
582,0,0
583,1,1
584,1,1
585,0,0
586,0,0
587,0,0
588,0,1
589,1,1
590,1,1
591,0,0
592,1,1
593,1,1
594,0,0
595,1,1
596,1,1
597,0,0
598,0,0
599,0,0
600,0,0
601,1,1
602,0,0
603,1,1
604,1,1
605,1,1
606,1,1
607,0,0
608,0,0
609,1,1
610,1,1
611,1,1
612,0,0
613,0,0
614,1,1
615,0,0
616,1,1
617,1,1
618,1,1
619,0,0
620,1,1
621,1,1
622,0,0
623,1,1
624,0,0
625,0,0
626,1,1
627,0,0
628,0,0
629,1,1
630,0,0
631,1,1
632,1,1
633,0,0
634,1,1
635,0,0
636,1,1
637,1,1
638,0,0
639,1,1
640,0,0
641,1,1
642,0,0
643,0,0
644,1,1
645,0,0
646,0,0
647,1,1
648,0,0
649,0,0
650,0,0
651,0,0
652,0,0
653,0,0
654,1,1
655,0,0
656,0,0
657,0,0
658,0,0
659,1,1
660,0,0
661,0,0
662,1,1
663,0,0
664,1,1
665,0,1
666,0,0
667,1,1
668,0,0
669,0,0
670,1,1
671,0,0
672,0,0
673,0,0
674,1,1
675,0,0
676,0,0
677,1,1
678,1,1
679,1,1
680,1,1
681,1,1
682,0,0
683,0,0
684,1,1
685,1,1
686,1,1
687,1,1
688,1,1
689,0,0
690,1,1
691,1,1
692,0,0
693,1,1
694,0,0
695,1,1
696,0,0
697,1,1
698,0,0
699,1,1
700,1,1
701,0,0
702,1,1
703,1,1
704,0,0
705,0,0
706,1,1
707,0,0
708,1,1
709,0,0
710,0,0
711,0,0
712,0,0
713,0,0
714,1,1
715,1,1
716,1,1
717,0,1
718,1,1
719,0,0
720,0,0
721,1,1
722,0,0
723,1,1
724,1,1
725,1,1
726,1,1
727,1,1
728,1,1
729,0,0
730,0,0
731,0,0
732,0,0
733,1,1
734,1,1
735,1,1
736,0,0
737,0,0
738,1,1
739,1,1
740,0,0
741,1,1
742,1,1
743,0,0
744,0,0
745,0,0
746,1,1
747,1,1
748,0,0
749,1,1
750,1,1
751,1,1
752,1,0
753,0,0
754,0,0
755,1,1
756,0,0
757,1,1
758,1,1
759,0,0
760,1,1
761,0,0
762,0,0
763,1,1
764,1,1
765,0,0
766,0,0
767,0,0
768,1,1
769,0,0
770,1,1
771,1,1
772,0,0
773,0,0
774,1,1
775,0,0
776,1,1
777,0,0
778,0,0
779,0,0
780,0,0
781,0,0
782,1,1
783,0,0
784,0,1
785,0,0
786,0,0
787,0,0
788,0,0
789,1,1
790,0,0
791,0,0
792,0,0
793,0,0
794,1,1
795,1,1
796,1,1
797,1,1
798,1,1
799,0,0
800,1,1
801,0,0
802,1,1
803,0,0
804,1,1
805,1,1
806,0,0
807,1,1
808,0,0
809,0,0
810,1,1
811,0,0
812,1,1
813,1,1
814,0,0
815,1,1
816,0,0
817,1,1
818,1,1
819,0,0
820,1,1
821,1,1
822,1,1
823,1,1
824,1,1
825,1,1
826,1,1
827,0,0
828,0,0
829,0,0
830,1,1
831,1,1
832,0,0
833,1,1
834,0,0
835,0,0
836,0,1
837,0,0
838,0,0
839,0,0
840,0,0
841,0,0
842,1,1
843,0,0
844,1,1
845,0,0
846,0,1
847,0,0
848,0,0
849,0,0
850,0,0
851,1,1
852,1,1
853,0,0
854,1,1
855,0,0
856,1,1
857,1,1
858,1,1
859,1,1
860,0,0
861,0,0
862,1,1
863,1,1
864,0,0
865,0,0
866,0,0
867,1,1
868,0,0
869,1,1
870,0,0
871,1,1
872,1,1
873,1,1
874,0,0
875,1,1
876,0,0
877,0,0
878,0,0
879,0,0
880,1,1
881,1,1
882,1,1
883,0,0
884,0,0
885,0,0
886,0,0
887,1,1
888,0,0
889,1,1
890,1,1
891,1,1
892,0,0
893,0,0
894,0,0
895,1,1
896,0,0
897,0,0
898,0,0
899,1,1
900,0,0
901,1,1
902,0,0
903,1,1
904,1,1
905,1,1
906,1,1
907,1,1
908,1,1
909,1,1
910,0,0
911,0,0
912,1,1
913,0,0
914,0,0
915,1,1
916,0,0
917,1,1
918,0,0
919,1,1
920,0,0
921,0,0
922,0,0
923,1,1
924,1,1
925,1,1
926,1,1
927,1,1
928,0,0
929,0,0
930,1,1
931,0,0
932,1,1
933,0,0
934,0,0
935,1,1
936,0,0
937,0,0
938,1,1
939,0,0
940,1,1
941,1,1
942,0,0
943,1,1
944,1,1
945,0,0
946,0,0
947,1,1
948,0,0
949,1,1
950,0,0
951,1,1
952,1,1
953,1,1
954,0,0
955,0,0
956,1,1
957,1,1
958,0,0
959,0,0
960,1,1
961,0,0
962,1,1
963,1,1
964,0,0
965,0,0
966,1,1
967,1,1
968,1,1
969,1,1
970,1,1
971,0,0
972,1,1
973,0,0
974,1,1
975,0,0
976,0,0
977,0,0
978,1,1
979,0,0
980,0,0
981,0,0
982,0,0
983,0,0
984,0,0
985,0,1
986,0,0
987,0,0
988,0,0
989,0,0
990,0,0
991,1,1
992,0,0
993,0,0
994,1,1
995,1,1
996,0,0
997,0,0
998,1,1
999,0,1
1000,0,0
1001,1,1
1002,0,0
1003,0,0
1004,1,1
1005,1,1
1006,1,1
1007,1,1
1008,0,0
1009,1,1
1010,0,0
1011,1,1
1012,0,1
1013,0,0
1014,1,1
1015,0,0
1016,1,1
1017,0,0
1018,0,0
1019,0,0
1020,0,0
1021,0,0
1022,1,1
1023,0,0
1024,1,1
1025,1,1
1026,0,0
1027,1,1
1028,1,1
1029,0,0
1030,0,0
1031,1,1
1032,1,1
1033,1,1
1034,0,0
1035,1,1
1036,0,0
1037,0,0
1038,1,1
1039,0,0
1040,0,0
1041,0,0
1042,0,1
1043,0,0
1044,1,1
1045,0,0
1046,1,1
1047,1,1
1048,1,1
1049,0,0
1050,0,0
1051,0,0
1052,0,0
1053,0,0
1054,0,0
1055,0,0
1056,1,1
1057,0,0
1058,0,0
1059,0,0
1060,0,0
1061,1,1
1062,1,1
1063,1,1
1064,0,0
1065,0,0
1066,1,1
1067,0,0
1068,0,0
1069,1,1
1070,0,0
1071,0,0
1072,0,0
1073,1,1
1074,0,0
1075,0,0
1076,1,1
1077,1,1
1078,0,0
1079,0,0
1080,1,1
1081,1,1
1082,0,0
1083,0,0
1084,0,0
1085,0,0
1086,1,1
1087,0,0
1088,0,0
1089,0,0
1090,0,0
1091,1,1
1092,0,0
1093,0,0
1094,0,0
1095,1,1
1096,1,1
1097,0,0
1098,0,0
1099,1,1
1100,0,0
1101,1,1
1102,0,0
1103,0,0
1104,1,1
1105,0,0
1106,0,0
1107,0,0
1108,1,1
1109,1,1
1110,0,0
1111,1,1
1112,1,1
1113,0,0
1114,1,1
1115,1,1
1116,0,0
1117,1,1
1118,0,0
1119,1,1
1120,0,0
1121,1,1
1122,1,1
1123,1,1
1124,1,1
1125,0,0
1126,0,0
1127,0,0
1128,0,0
1129,0,1
1130,1,1
1131,0,0
1132,0,0
1133,1,1
1134,0,0
1135,1,1
1136,0,0
1137,1,1
1138,1,1
1139,0,0
1140,1,1
1141,0,0
1142,0,0
1143,1,1
1144,0,0
1145,1,1
1146,0,0
1147,1,1
1148,0,0
1149,0,0
1150,0,0
1151,1,1
1152,0,0
1153,0,0
1154,1,1
1155,0,0
1156,1,1
1157,1,1
1158,1,1
1159,1,1
1160,0,0
1161,0,1
1162,0,0
1163,1,1
1164,1,1
1165,1,1
1166,1,1
1167,0,1
1168,1,1
1169,1,1
1170,0,0
1171,0,0
1172,0,0
1173,1,1
1174,1,1
1175,1,1
1176,1,1
1177,0,0
1178,1,1
1179,0,0
1180,1,1
1181,1,1
1182,1,1
1183,0,0
1184,1,1
1185,1,1
1186,1,1
1187,0,0
1188,0,0
1189,1,1
1190,1,1
1191,1,1
1192,1,1
1193,0,0
1194,0,0
1195,1,1
1196,0,0
1197,1,1
1198,1,1
1199,0,0
1200,0,0
1201,1,1
1202,0,0
1203,1,1
1204,1,1
1205,1,1
1206,0,0
1207,0,0
1208,1,1
1209,1,1
1210,0,0
1211,0,0
1212,0,0
1213,0,0
1214,1,1
1215,0,0
1216,1,1
1217,0,0
1218,1,1
1219,1,1
1220,0,0
1221,0,0
1222,1,1
1223,1,1
1224,1,1
1225,1,1
1226,0,0
1227,0,0
1228,0,0
1229,0,0
1230,0,0
1231,0,0
1232,0,0
1233,1,1
1234,1,1
1235,0,0
1236,0,0
1237,1,1
1238,0,0
1239,1,1
1240,0,0
1241,0,1
1242,1,1
1243,0,0
1244,0,0
1245,1,1
1246,0,0
1247,0,0
1248,1,1
1249,0,0
1250,1,1
1251,0,0
1252,1,1
1253,1,1
1254,1,1
1255,0,0
1256,0,0
1257,0,0
1258,1,1
1259,1,1
1260,0,0
1261,1,1
1262,0,0
1263,0,0
1264,1,1
1265,0,0
1266,0,0
1267,0,0
1268,0,0
1269,0,0
1270,0,0
1271,0,0
1272,1,1
1273,0,0
1274,0,0
1275,0,0
1276,1,1
1277,0,1
1278,0,0
1279,1,1
1280,1,1
1281,0,0
1282,0,0
1283,0,0
1284,0,0
1285,1,1
1286,0,0
1287,0,0
1288,0,0
1289,1,1
1290,0,0
1291,1,1
1292,1,1
1293,0,0
1294,1,1
1295,1,1
1296,0,0
1297,0,0
1298,1,1
1299,0,0
1300,1,1
1301,1,1
1302,1,1
1303,0,0
1304,1,1
1305,0,0
1306,1,1
1307,0,0
1308,0,0
1309,0,0
1310,1,1
1311,1,1
1312,0,0
1313,1,1
1314,1,1
1315,0,0
1316,1,1
1317,1,1
1318,0,0
1319,0,0
1320,0,0
1321,0,0
1322,1,1
1323,1,1
1324,0,0
1325,1,1
1326,0,0
1327,1,1
1328,1,1
1329,0,0
1330,1,1
1331,0,0
1332,0,0
1333,1,1
1334,0,0
1335,0,0
1336,1,1
1337,1,1
1338,0,0
1339,0,0
1340,0,0
1341,1,1
1342,1,1
1343,0,0
1344,1,1
1345,1,1
1346,1,1
1347,0,0
1348,1,1
1349,1,1
1350,0,0
1351,0,0
1352,0,0
1353,1,1
1354,0,0
1355,1,1
1356,1,1
1357,0,0
1358,0,0
1359,0,0
1360,1,1
1361,0,0
1362,0,0
1363,1,1
1364,0,0
1365,0,0
1366,1,1
1367,1,1
1368,1,1
1369,0,0
1370,0,0
1371,1,1
1372,1,1
1373,0,0
1374,0,0
1375,1,1
1376,1,1
1377,0,0
1378,0,1
1379,1,1
1380,1,1
1381,0,0
1382,0,0
1383,0,0
1384,1,1
1385,1,1
1386,0,0
1387,0,0
1388,0,0
1389,0,0
1390,0,0
1391,1,1
1392,1,1
1393,1,1
1394,0,0
1395,1,1
1396,1,1
1397,1,1
1398,1,1
1399,0,0
1400,0,0
1401,0,0
1402,0,0
1403,0,0
1404,0,0
1405,1,1
1406,0,0
1407,1,1
1408,0,0
1409,1,1
1410,1,1
1411,0,0
1412,0,0
1413,1,1
1414,1,1
1415,0,0
1416,0,0
1417,0,0
1418,0,0
1419,1,1
1420,1,1
1421,1,1
1422,1,1
1423,1,1
1424,1,1
1425,0,0
1426,1,1
1427,0,0
1428,0,0
1429,1,1
1430,0,0
1431,1,1
1432,0,0
1433,0,0
1434,0,0
1435,1,1
1436,0,0
1437,1,1
1438,1,1
1439,0,0
1440,0,0
1441,0,0
1442,0,0
1443,0,0
1444,1,1
1445,0,0
1446,1,1
1447,0,0
1448,0,0
1449,0,0
1450,1,1
1451,1,1
1452,0,0
1453,0,0
1454,0,0
1455,1,1
1456,0,0
1457,1,1
1458,1,1
1459,1,1
1460,1,1
1461,0,1
1462,0,0
1463,0,0
1464,1,1
1465,0,0
1466,1,1
1467,1,1
1468,1,1
1469,0,0
1470,1,1
1471,0,0
1472,0,0
1473,1,1
1474,0,0
1475,0,0
1476,0,0
1477,1,1
1478,0,0
1479,0,0
1480,0,0
1481,1,1
1482,1,1
1483,0,0
1484,0,0
1485,1,1
1486,0,0
1487,0,0
1488,1,1
1489,0,0
1490,1,1
1491,1,1
1492,0,0
1493,1,1
1494,1,1
1495,1,1
1496,1,1
1497,1,1
1498,0,0
1499,0,0
1500,1,1
1501,0,0
1502,0,0
1503,0,0
1504,0,0
1505,0,0
1506,0,0
1507,1,1
1508,0,0
1509,1,1
1510,1,1
1511,0,0
1512,0,0
1513,0,0
1514,1,1
1515,0,0
1516,0,0
1517,1,1
1518,1,1
1519,0,0
1520,1,1
1521,0,0
1522,0,0
1523,1,1
1524,0,0
1525,1,1
1526,1,1
1527,0,0
1528,1,1
1529,0,0
1530,0,0
1531,0,0
1532,1,1
1533,0,0
1534,0,0
1535,0,0
1536,0,0
1537,0,0
1538,1,1
1539,0,0
1540,1,1
1541,1,1
1542,1,1
1543,1,1
1544,0,0
1545,1,1
1546,0,0
1547,1,1
1548,1,1
1549,0,0
1550,0,0
1551,1,1
1552,1,1
1553,0,0
1554,0,0
1555,1,1
1556,0,0
1557,0,0
1558,0,0
1559,0,0
1560,0,0
1561,0,0
1562,1,1
1563,0,0
1564,0,0
1565,1,1
1566,1,1
1567,1,1
1568,1,1
1569,0,0
1570,1,1
1571,1,1
1572,0,0
1573,0,0
1574,1,1
1575,1,1
1576,0,0
1577,1,1
1578,1,1
1579,1,1
1580,0,0
1581,0,0
1582,1,1
1583,1,1
1584,1,1
1585,1,1
1586,0,0
1587,1,1
1588,1,1
1589,0,0
1590,0,0
1591,1,1
1592,0,0
1593,0,0
1594,0,0
1595,0,0
1596,1,1
1597,0,0
1598,0,0
1599,0,0
1600,0,0
1601,1,1
1602,0,0
1603,0,0
1604,0,0
1605,1,1
1606,1,1
1607,0,0
1608,1,1
1609,0,0
1610,0,0
1611,1,1
1612,1,1
1613,1,1
1614,1,1
1615,0,0
1616,0,0
1617,1,1
1618,0,0
1619,0,0
1620,1,1
1621,1,1
1622,0,0
1623,0,0
1624,0,0
1625,0,0
1626,0,0
1627,1,1
1628,1,1
1629,0,0
1630,0,0
1631,0,0
1632,1,1
1633,0,0
1634,1,1
1635,1,1
1636,0,0
1637,0,0
1638,1,1
1639,1,1
1640,1,1
1641,1,1
1642,1,1
1643,1,1
1644,0,0
1645,0,0
1646,0,0
1647,0,0
1648,1,1
1649,0,0
1650,1,1
1651,0,0
1652,0,0
1653,0,0
1654,0,0
1655,1,1
1656,0,1
1657,0,0
1658,0,0
1659,0,0
1660,1,1
1661,0,0
1662,0,0
1663,0,0
1664,0,0
1665,0,0
1666,0,0
1667,0,0
1668,1,1
1669,0,0
1670,0,0
1671,0,0
1672,1,1
1673,0,0
1674,0,0
1675,1,1
1676,0,0
1677,0,0
1678,1,1
1679,1,1
1680,0,0
1681,1,1
1682,1,1
1683,0,0
1684,0,0
1685,1,1
1686,1,1
1687,1,1
1688,1,1
1689,0,0
1690,1,1
1691,0,0
1692,0,0
1693,1,1
1694,0,0
1695,0,0
1696,1,1
1697,0,0
1698,0,0
1699,0,0
1700,1,1
1701,0,0
1702,1,1
1703,1,1
1704,1,1
1705,0,0
1706,0,0
1707,1,1
1708,1,1
1709,0,0
1710,1,1
1711,0,0
1712,0,0
1713,0,0
1714,0,0
1715,0,0
1716,1,1
1717,0,0
1718,1,1
1719,1,1
1720,0,0
1721,1,1
1722,1,1
1723,1,1
1724,1,1
1725,1,1
1726,0,0
1727,0,0
1728,0,0
1729,0,0
1730,1,1
1731,1,1
1732,1,1
1733,1,1
1734,0,0
1735,0,0
1736,0,0
1737,0,0
1738,1,1
1739,0,0
1740,1,1
1741,0,0
1742,0,0
1743,0,0
1744,1,1
1745,1,1
1746,1,0
1747,0,0
1748,0,0
1749,1,1
1750,0,0
1751,1,1
1752,1,1
1753,0,0
1754,1,1
1755,1,1
1756,0,0
1757,0,0
1758,0,0
1759,1,1
1760,0,0
1761,0,0
1762,1,1
1763,0,0
1764,1,1
1765,0,0
1766,0,0
1767,0,0
1768,0,0
1769,1,1
1770,1,1
1771,1,1
1772,1,1
1773,1,1
1774,1,1
1775,1,1
1776,0,0
1777,0,0
1778,0,0
1779,1,1
1780,1,1
1781,1,1
1782,0,0
1783,0,0
1784,0,0
1785,1,1
1786,0,0
1787,0,0
1788,0,0
1789,1,1
1790,1,1
1791,0,0
1792,0,0
1793,1,1
1794,1,1
1795,0,0
1796,0,0
1797,1,1
1798,1,1
1799,1,1
1800,0,0
1801,0,0
1802,1,1
1803,1,1
1804,0,0
1805,1,1
1806,0,0
1807,1,1
1808,1,1
1809,0,0
1810,1,1
1811,0,0
1812,1,1
1813,0,0
1814,0,0
1815,0,0
1816,1,1
1817,1,1
1818,0,0
1819,1,1
1820,1,1
1821,0,0
1822,0,0
1823,0,0
1824,0,0
1825,1,1
1826,0,0
1827,0,0
1828,1,1
1829,1,1
1830,0,0
1831,0,0
1832,0,1
1833,0,0
1834,0,0
1835,0,0
1836,0,0
1837,0,0
1838,0,0
1839,0,0
1840,0,0
1841,0,0
1842,1,1
1843,0,0
1844,1,1
1845,1,1
1846,1,1
1847,1,0
1848,1,1
1849,0,0
1850,0,0
1851,0,0
1852,0,0
1853,0,0
1854,1,1
1855,1,1
1856,0,0
1857,0,0
1858,1,1
1859,0,0
1860,1,1
1861,0,0
1862,0,0
1863,1,1
1864,0,0
1865,0,0
1866,1,1
1867,1,1
1868,1,1
1869,1,1
1870,1,1
1871,0,0
1872,0,0
1873,0,0
1874,1,1
1875,0,0
1876,0,0
1877,0,0
1878,0,0
1879,1,1
1880,0,0
1881,0,0
1882,1,1
1883,1,1
1884,0,0
1885,1,1
1886,0,0
1887,1,1
1888,1,1
1889,1,1
1890,0,0
1891,1,1
1892,0,0
1893,1,1
1894,0,0
1895,0,0
1896,1,1
1897,1,1
1898,1,1
1899,1,1
1900,0,0
1901,1,1
1902,1,1
1903,0,0
1904,0,0
1905,1,1
1906,0,0
1907,1,1
1908,0,0
1909,0,0
1910,0,0
1911,1,1
1912,1,1
1913,0,0
1914,0,0
1915,1,1
1916,1,1
1917,0,0
1918,0,0
1919,0,0
1920,1,1
1921,1,1
1922,1,1
1923,1,1
1924,0,0
1925,1,1
1926,0,0
1927,0,0
1928,1,1
1929,1,1
1930,0,0
1931,1,1
1932,1,1
1933,1,1
1934,0,0
1935,0,0
1936,0,0
1937,0,0
1938,1,1
1939,1,1
1940,1,1
1941,1,1
1942,0,0
1943,1,1
1944,0,0
1945,1,1
1946,0,0
1947,0,0
1948,1,1
1949,1,1
1950,1,1
1951,0,0
1952,1,1
1953,1,1
1954,1,1
1955,0,0
1956,1,1
1957,0,0
1958,0,0
1959,0,0
1960,0,0
1961,1,1
1962,1,1
1963,0,0
1964,0,0
1965,1,1
1966,1,1
1967,0,0
1968,1,1
1969,1,1
1970,1,1
1971,0,0
1972,1,1
1973,0,0
1974,1,1
1975,0,0
1976,0,0
1977,1,1
1978,1,1
1979,0,0
1980,1,1
1981,1,1
1982,1,1
1983,1,1
1984,0,0
1985,1,1
1986,0,0
1987,1,1
1988,1,1
1989,0,1
1990,1,1
1991,1,1
1992,0,0
1993,1,1
1994,0,0
1995,0,0
1996,1,1
1997,1,1
1998,0,0
1999,0,0
2000,0,0
2001,1,1
2002,1,1
2003,1,1
2004,0,0
2005,0,0
2006,1,1
2007,0,0
2008,1,1
2009,0,0
2010,1,1
2011,0,0
2012,1,1
2013,0,0
2014,0,0
2015,0,0
2016,0,0
2017,1,1
2018,1,1
2019,0,0
2020,0,0
2021,1,1
2022,1,1
2023,1,1
2024,0,0
2025,1,1
2026,1,1
2027,1,1
2028,0,0
2029,0,0
2030,1,1
2031,1,1
2032,1,1
2033,1,1
2034,0,0
2035,1,1
2036,1,1
2037,0,0
2038,1,1
2039,0,0
2040,0,0
2041,0,0
2042,0,0
2043,0,0
2044,0,0
2045,0,0
2046,1,1
2047,0,0
2048,0,0
2049,0,0
2050,0,0
2051,1,1
2052,1,1
2053,0,0
2054,1,1
2055,1,1
2056,1,1
2057,0,0
2058,0,0
2059,0,0
2060,0,0
2061,1,1
2062,0,0
2063,1,1
2064,1,1
2065,1,1
2066,1,1
2067,0,0
2068,1,1
2069,0,0
2070,0,0
2071,1,1
2072,0,0
2073,1,1
2074,1,1
2075,0,0
2076,1,1
2077,0,0
2078,0,0
2079,0,1
2080,0,0
2081,0,0
2082,0,0
2083,1,1
2084,1,1
2085,1,0
2086,0,0
2087,0,0
2088,1,1
2089,1,1
2090,1,1
2091,0,0
2092,0,0
2093,0,0
2094,1,1
2095,1,1
2096,0,0
2097,0,0
2098,1,1
2099,0,0
2100,0,0
2101,1,1
2102,0,0
2103,0,0
2104,1,0
2105,0,0
2106,1,1
2107,1,1
2108,0,0
2109,0,0
2110,1,1
2111,0,0
2112,1,1
2113,0,0
2114,0,0
2115,0,0
2116,0,0
2117,0,0
2118,0,0
2119,0,0
2120,0,0
2121,1,1
2122,1,1
2123,1,1
2124,1,1
2125,1,1
2126,0,0
2127,0,0
2128,1,1
2129,1,1
2130,0,0
2131,0,0
2132,0,0
2133,1,1
2134,1,1
2135,0,0
2136,0,0
2137,0,0
2138,1,1
2139,1,1
2140,0,0
2141,1,1
2142,0,0
2143,0,0
2144,1,1
2145,0,0
2146,0,0
2147,1,1
2148,0,0
2149,1,1
2150,0,0
2151,0,0
2152,1,1
2153,0,0
2154,0,0
2155,0,1
2156,1,1
2157,0,0
2158,1,1
2159,1,1
2160,0,0
2161,1,1
2162,1,1
2163,0,1
2164,0,0
2165,0,0
2166,0,0
2167,1,1
2168,1,1
2169,1,1
2170,1,1
2171,1,1
2172,1,1
2173,1,1
2174,1,1
2175,0,0
2176,0,0
2177,0,0
2178,1,1
2179,0,0
2180,0,0
2181,0,0
2182,1,1
2183,0,0
2184,1,1
2185,0,0
2186,0,0
2187,1,1
2188,0,0
2189,0,0
2190,1,1
2191,0,0
2192,0,0
2193,0,0
2194,1,1
2195,1,1
2196,0,0
2197,1,1
2198,1,1
2199,0,0
2200,1,1
2201,1,1
2202,0,0
2203,1,1
2204,0,0
2205,0,0
2206,0,0
2207,1,1
2208,1,1
2209,1,1
2210,0,0
2211,0,0
2212,1,1
2213,1,1
2214,1,1
2215,0,0
2216,0,0
2217,0,0
2218,0,0
2219,1,1
2220,0,0
2221,0,0
2222,1,1
2223,1,1
2224,0,0
2225,1,1
2226,0,0
2227,1,1
2228,1,1
2229,0,0
2230,1,1
2231,1,1
2232,1,1
2233,0,0
2234,1,1
2235,0,0
2236,0,0
2237,0,0
2238,1,1
2239,1,1
2240,0,0
2241,0,0
2242,0,0
2243,1,1
2244,0,0
2245,1,1
2246,0,0
2247,0,0
2248,1,1
2249,1,1
2250,0,0
2251,1,1
2252,0,0
2253,0,0
2254,1,1
2255,1,1
2256,0,0
2257,0,0
2258,0,0
2259,1,1
2260,0,0
2261,0,0
2262,1,1
2263,0,0
2264,0,0
2265,0,0
2266,0,0
2267,0,0
2268,0,0
2269,1,1
2270,1,1
2271,0,0
2272,0,0
2273,1,1
2274,0,0
2275,1,1
2276,0,0
2277,0,0
2278,0,0
2279,1,1
2280,0,0
2281,0,0
2282,0,0
2283,0,0
2284,0,0
2285,0,0
2286,1,1
2287,0,0
2288,0,0
2289,1,1
2290,1,1
2291,1,1
2292,1,1
2293,1,1
2294,1,1
2295,0,0
2296,1,1
2297,0,0
2298,0,0
2299,1,1
2300,1,1
2301,1,1
2302,1,1
2303,0,0
2304,0,0
2305,0,0
2306,0,0
2307,1,1
2308,0,0
2309,0,0
2310,0,0
2311,0,0
2312,1,1
2313,1,1
2314,0,0
2315,1,1
2316,1,1
2317,1,1
2318,0,0
2319,1,1
2320,0,1
2321,1,1
2322,0,0
2323,0,1
2324,1,1
2325,1,1
2326,0,0
2327,0,0
2328,1,1
2329,0,0
2330,1,1
2331,1,1
2332,0,0
2333,1,1
2334,1,1
2335,1,1
2336,0,0
2337,1,1
2338,1,1
2339,1,1
2340,1,1
2341,1,1
2342,0,0
2343,0,0
2344,1,1
2345,0,0
2346,1,1
2347,1,1
2348,1,1
2349,0,1
2350,0,0
2351,1,1
2352,1,1
2353,0,0
2354,0,0
2355,1,1
2356,1,1
2357,1,1
2358,0,0
2359,1,1
2360,0,0
2361,1,1
2362,0,0
2363,1,1
2364,1,1
2365,1,1
2366,1,1
2367,1,1
2368,1,1
2369,1,1
2370,0,0
2371,1,1
2372,1,1
2373,1,1
2374,0,0
2375,0,0
2376,0,0
2377,0,0
2378,1,1
2379,0,0
2380,0,0
2381,0,0
2382,1,1
2383,0,0
2384,0,0
2385,1,1
2386,0,0
2387,0,0
2388,0,0
2389,0,0
2390,0,0
2391,0,0
2392,0,0
2393,0,0
2394,1,1
2395,0,0
2396,0,0
2397,0,0
2398,0,0
2399,1,1
2400,0,0
2401,0,0
2402,0,0
2403,1,1
2404,1,1
2405,0,0
2406,1,1
2407,0,0
2408,1,1
2409,0,0
2410,1,1
2411,0,0
2412,1,1
2413,0,0
2414,0,1
2415,1,1
2416,0,0
2417,1,1
2418,0,0
2419,0,0
2420,0,0
2421,0,0
2422,1,1
2423,1,1
2424,0,0
2425,1,1
2426,1,1
2427,1,1
2428,0,0
2429,0,0
2430,1,1
2431,0,0
2432,0,0
2433,0,0
2434,1,1
2435,1,1
2436,1,1
2437,0,0
2438,0,0
2439,1,1
2440,0,0
2441,0,0
2442,0,0
2443,1,1
2444,1,1
2445,1,1
2446,1,1
2447,0,0
2448,0,0
2449,1,1
2450,0,0
2451,0,0
2452,0,0
2453,0,0
2454,1,1
2455,1,1
2456,0,0
2457,1,1
2458,1,1
2459,1,1
2460,0,0
2461,0,0
2462,1,1
2463,0,0
2464,1,1
2465,1,1
2466,0,0
2467,0,0
2468,1,1
2469,1,1
2470,1,1
2471,1,1
2472,0,0
2473,1,1
2474,0,0
2475,0,0
2476,0,0
2477,1,1
2478,0,0
2479,1,1
2480,0,0
2481,0,0
2482,1,1
2483,1,1
2484,1,1
2485,0,0
2486,0,0
2487,0,0
2488,1,1
2489,1,1
2490,1,1
2491,1,1
2492,0,0
2493,0,0
2494,1,1
2495,1,1
2496,1,1
2497,0,0
2498,0,0
2499,0,0
2500,1,1
2501,0,0
2502,0,0
2503,1,1
2504,1,1
2505,1,1
2506,1,1
2507,0,0
2508,0,0
2509,0,0
2510,1,1
2511,1,1
2512,1,1
2513,1,1
2514,0,0
2515,1,1
2516,1,1
2517,0,0
2518,1,1
2519,1,1
2520,0,0
2521,1,1
2522,0,0
2523,1,1
2524,0,0
2525,0,0
2526,1,1
2527,1,1
2528,0,0
2529,1,1
2530,1,1
2531,1,1
2532,1,1
2533,1,1
2534,1,1
2535,0,0
2536,0,0
2537,0,0
2538,0,0
2539,0,0
2540,0,0
2541,0,0
2542,1,1
2543,1,1
2544,0,0
2545,0,0
2546,0,0
2547,1,1
2548,0,0
2549,0,0
2550,1,1
2551,1,1
2552,0,0
2553,0,0
2554,0,0
2555,1,1
2556,1,1
2557,1,1
2558,1,1
2559,0,0
2560,0,0
2561,0,0
2562,0,0
2563,1,1
2564,0,0
2565,1,1
2566,0,0
2567,1,1
2568,1,1
2569,0,0
2570,0,0
2571,1,1
2572,1,1
2573,0,0
2574,0,0
2575,0,0
2576,1,1
2577,0,0
2578,0,0
2579,0,0
2580,0,0
2581,0,0
2582,1,1
2583,0,0
2584,1,1
2585,0,0
2586,0,0
2587,0,0
2588,1,1
2589,0,0
2590,0,0
2591,1,1
2592,1,1
2593,1,1
2594,1,1
2595,1,1
2596,1,1
2597,1,1
2598,1,1
2599,0,0
2600,0,0
2601,0,0
2602,1,1
2603,1,1
2604,0,0
2605,1,1
2606,1,1
2607,1,1
2608,0,0
2609,0,0
2610,0,0
2611,1,1
2612,0,0
2613,0,0
2614,1,1
2615,0,0
2616,0,0
2617,0,0
2618,0,1
2619,1,1
2620,1,1
2621,0,0
2622,1,1
2623,0,1
2624,0,0
2625,1,1
2626,0,0
2627,0,0
2628,1,1
2629,0,1
2630,0,0
2631,0,0
2632,1,1
2633,1,1
2634,1,1
2635,0,0
2636,0,0
2637,0,0
2638,1,1
2639,0,0
2640,1,1
2641,0,1
2642,0,0
2643,0,0
2644,0,0
2645,1,1
2646,1,1
2647,0,0
2648,1,1
2649,0,0
2650,1,1
2651,0,0
2652,0,0
2653,1,1
2654,0,0
2655,0,0
2656,1,1
2657,1,1
2658,1,1
2659,1,1
2660,0,0
2661,0,0
2662,0,0
2663,1,1
2664,1,1
2665,1,1
2666,0,0
2667,0,0
2668,0,0
2669,1,1
2670,0,0
2671,1,1
2672,0,0
2673,0,0
2674,0,0
2675,0,0
2676,0,0
2677,1,1
2678,0,0
2679,0,0
2680,1,1
2681,0,0
2682,0,0
2683,1,1
2684,0,0
2685,0,0
2686,0,0
2687,1,1
2688,1,1
2689,0,0
2690,1,1
2691,1,1
2692,1,1
2693,0,0
2694,0,0
2695,1,1
2696,0,0
2697,0,0
2698,1,1
2699,1,1
2700,0,0
2701,1,1
2702,0,0
2703,0,0
2704,1,1
2705,1,1
2706,1,0
2707,0,0
2708,0,0
2709,1,1
2710,0,0
2711,0,0
2712,0,0
2713,1,1
2714,1,1
2715,0,0
2716,1,1
2717,0,0
2718,0,0
2719,0,0
2720,0,0
2721,1,1
2722,1,1
2723,0,0
2724,1,1
2725,0,0
2726,0,0
2727,1,1
2728,0,0
2729,0,0
2730,1,1
2731,1,1
2732,1,1
2733,0,0
2734,1,1
2735,1,1
2736,1,1
2737,1,1
2738,1,1
2739,0,0
2740,0,0
2741,1,1
2742,1,1
2743,0,0
2744,0,0
2745,0,0
2746,1,1
2747,0,0
2748,0,0
2749,0,0
2750,1,1
2751,1,1
2752,1,1
2753,0,0
2754,0,0
2755,1,1
2756,0,0
2757,0,0
2758,1,1
2759,1,1
2760,0,0
2761,0,0
2762,0,0
2763,0,0
2764,1,1
2765,0,0
2766,0,0
2767,0,0
2768,1,1
2769,0,0
2770,0,0
2771,0,0
2772,1,1
2773,0,0
2774,0,0
2775,0,0
2776,0,0
2777,0,0
2778,0,0
2779,1,1
2780,0,0
2781,0,0
2782,0,0
2783,0,0
2784,1,1
2785,0,0
2786,0,1
2787,1,1
2788,1,1
2789,1,1
2790,1,1
2791,1,1
2792,1,1
2793,0,0
2794,0,0
2795,1,1
2796,1,1
2797,1,1
2798,1,1
2799,1,1
2800,1,1
2801,0,0
2802,0,0
2803,0,1
2804,0,0
2805,0,0
2806,0,0
2807,0,0
2808,0,0
2809,0,0
2810,1,1
2811,0,0
2812,0,0
2813,1,1
2814,1,1
2815,0,1
2816,1,1
2817,0,0
2818,1,1
2819,1,1
2820,0,0
2821,0,0
2822,0,0
2823,0,0
2824,0,0
2825,1,1
2826,1,1
2827,0,0
2828,0,0
2829,0,0
2830,1,1
2831,0,0
2832,0,0
2833,0,0
2834,0,0
2835,1,1
2836,0,0
2837,1,1
2838,0,0
2839,0,0
2840,1,1
2841,0,0
2842,1,1
2843,0,0
2844,1,1
2845,0,0
2846,0,0
2847,0,0
2848,1,1
2849,1,1
2850,0,0
2851,0,0
2852,1,1
2853,0,0
2854,0,0
2855,1,1
2856,0,0
2857,1,1
2858,0,0
2859,0,0
2860,0,0
2861,1,1
2862,0,0
2863,1,1
2864,1,1
2865,1,1
2866,1,1
2867,0,0
2868,0,0
2869,0,0
2870,0,0
2871,0,0
2872,1,1
2873,1,1
2874,0,0
2875,1,1
2876,1,1
2877,0,0
2878,1,1
2879,1,1
2880,0,0
2881,1,1
2882,1,1
2883,0,0
2884,0,0
2885,1,1
2886,1,1
2887,0,0
2888,1,1
2889,1,1
2890,1,1
2891,1,1
2892,0,0
2893,1,1
2894,0,0
2895,0,0
2896,0,0
2897,1,1
2898,1,1
2899,0,0
2900,0,0
2901,0,0
2902,1,1
2903,1,1
2904,0,0
2905,0,0
2906,0,0
2907,0,0
2908,1,1
2909,1,1
2910,1,1
2911,1,1
2912,0,0
2913,1,1
2914,0,0
2915,0,0
2916,1,1
2917,1,0
2918,0,0
2919,0,0
2920,1,1
2921,0,0
2922,0,0
2923,1,1
2924,0,0
2925,1,1
2926,1,1
2927,0,0
2928,0,0
2929,0,0
2930,1,1
2931,0,0
2932,1,1
2933,0,0
2934,1,1
2935,1,1
2936,1,1
2937,1,1
2938,1,1
2939,0,0
2940,1,1
2941,1,1
2942,0,0
2943,0,0
2944,0,0
2945,0,0
2946,1,1
2947,0,0
2948,1,1
2949,1,1
2950,0,0
2951,0,0
2952,1,1
2953,0,0
2954,0,0
2955,0,0
2956,1,1
2957,1,1
2958,1,1
2959,0,0
2960,0,0
2961,1,1
2962,1,1
2963,1,1
2964,1,1
2965,0,0
2966,1,1
2967,0,0
2968,0,0
2969,1,1
2970,1,1
2971,0,0
2972,0,0
2973,1,1
2974,1,1
2975,1,1
2976,0,0
2977,0,0
2978,0,1
2979,0,0
2980,1,1
2981,0,0
2982,1,1
2983,0,0
2984,0,0
2985,0,0
2986,1,1
2987,1,1
2988,0,0
2989,1,1
2990,0,0
2991,1,1
2992,1,1
2993,0,0
2994,1,1
2995,1,1
2996,0,0
2997,0,0
2998,1,1
2999,1,1
3000,1,0
3001,1,1
3002,0,0
3003,1,1
3004,0,0
3005,1,1
3006,0,0
3007,1,1
3008,1,1
3009,1,1
3010,0,0
3011,0,0
3012,1,1
3013,0,0
3014,0,0
3015,0,1
3016,0,0
3017,1,1
3018,0,0
3019,1,1
3020,1,1
3021,0,0
3022,0,0
3023,0,0
3024,1,1
3025,1,1
3026,0,0
3027,0,0
3028,1,1
3029,1,1
3030,0,0
3031,0,0
3032,1,1
3033,0,0
3034,0,0
3035,1,1
3036,0,0
3037,0,1
3038,0,0
3039,1,1
3040,0,0
3041,0,0
3042,0,0
3043,1,1
3044,0,0
3045,1,1
3046,0,0
3047,1,1
3048,1,1
3049,0,0
3050,0,0
3051,1,1
3052,0,0
3053,0,0
3054,0,0
3055,1,1
3056,0,0
3057,0,0
3058,0,0
3059,1,1
3060,0,0
3061,0,0
3062,1,0
3063,0,0
3064,0,0
3065,0,1
3066,1,1
3067,0,0
3068,1,1
3069,1,1
3070,0,0
3071,0,0
3072,0,0
3073,0,0
3074,0,0
3075,1,1
3076,0,0
3077,1,1
3078,0,0
3079,1,1
3080,0,0
3081,0,0
3082,1,1
3083,1,1
3084,1,1
3085,1,1
3086,1,1
3087,1,1
3088,0,0
3089,0,0
3090,0,0
3091,0,0
3092,0,0
3093,1,1
3094,0,0
3095,1,1
3096,1,1
3097,0,0
3098,0,0
3099,1,1
3100,0,0
3101,1,1
3102,1,1
3103,1,1
3104,1,1
3105,1,1
3106,0,0
3107,0,0
3108,1,1
3109,1,1
3110,1,1
3111,0,0
3112,1,1
3113,1,1
3114,1,1
3115,1,1
3116,1,1
3117,0,0
3118,1,1
3119,1,1
3120,1,1
3121,0,0
3122,1,1
3123,0,0
3124,0,0
3125,0,0
3126,0,0
3127,0,0
3128,1,1
3129,1,1
3130,0,0
3131,0,0
3132,1,1
3133,0,0
3134,0,0
3135,0,0
3136,0,0
3137,0,0
3138,1,1
3139,0,0
3140,0,0
3141,1,1
3142,1,1
3143,1,1
3144,1,1
3145,0,0
3146,1,1
3147,1,1
3148,1,1
3149,1,1
3150,1,1
3151,0,0
3152,0,0
3153,1,1
3154,0,0
3155,1,1
3156,1,1
3157,0,0
3158,0,0
3159,0,0
3160,1,1
3161,0,0
3162,0,0
3163,0,0
3164,0,0
3165,0,0
3166,0,0
3167,0,0
3168,0,0
3169,1,1
3170,1,1
3171,1,1
3172,1,1
3173,1,1
3174,1,1
3175,0,0
3176,0,0
3177,0,0
3178,0,0
3179,1,1
3180,1,1
3181,1,1
3182,0,0
3183,0,0
3184,0,0
3185,0,0
3186,0,1
3187,0,0
3188,0,0
3189,0,0
3190,1,1
3191,1,1
3192,1,1
3193,1,1
3194,0,0
3195,1,1
3196,0,0
3197,0,0
3198,1,1
3199,0,0
3200,0,0
3201,1,1
3202,0,0
3203,1,1
3204,0,0
3205,1,1
3206,0,0
3207,0,0
3208,1,1
3209,1,1
3210,1,1
3211,0,0
3212,1,1
3213,1,1
3214,0,0
3215,1,1
3216,0,0
3217,0,0
3218,1,1
3219,1,1
3220,1,1
3221,1,1
3222,0,0
3223,0,0
3224,0,0
3225,1,1
3226,1,1
3227,1,1
3228,0,0
3229,0,0
3230,1,1
3231,0,0
3232,1,1
3233,0,1
3234,0,0
3235,0,0
3236,0,0
3237,1,1
3238,1,1
3239,0,0
3240,1,1
3241,1,1
3242,1,1
3243,0,0
3244,1,1
3245,1,1
3246,0,0
3247,0,0
3248,0,1
3249,0,0
3250,1,1
3251,1,1
3252,1,1
3253,1,1
3254,0,0
3255,0,0
3256,0,0
3257,0,0
3258,1,1
3259,1,1
3260,1,1
3261,1,1
3262,0,0
3263,1,1
3264,1,1
3265,0,0
3266,1,1
3267,1,1
3268,1,1
3269,0,0
3270,1,1
3271,1,1
3272,0,0
3273,0,0
3274,0,0
3275,0,0
3276,1,1
3277,1,1
3278,1,1
3279,0,0
3280,1,1
3281,1,1
3282,1,1
3283,0,0
3284,0,0
3285,1,1
3286,0,0
3287,1,1
3288,1,1
3289,1,1
3290,1,1
3291,0,0
3292,1,1
3293,0,0
3294,1,1
3295,0,0
3296,0,0
3297,1,1
3298,1,1
3299,0,0
3300,1,1
3301,0,0
3302,1,1
3303,1,1
3304,1,1
3305,0,0
3306,1,1
3307,0,0
3308,1,1
3309,1,1
3310,0,0
3311,0,0
3312,1,1
3313,1,1
3314,1,1
3315,1,1
3316,0,0
3317,0,0
3318,0,0
3319,1,1
3320,1,1
3321,0,0
3322,0,0
3323,1,1
3324,0,0
3325,1,1
3326,0,0
3327,0,0
3328,0,0
3329,1,1
3330,1,1
3331,1,1
3332,1,1
3333,1,1
3334,0,0
3335,0,0
3336,0,0
3337,0,0
3338,0,0
3339,0,0
3340,1,1
3341,0,0
3342,1,1
3343,1,1
3344,0,0
3345,1,1
3346,0,1
3347,0,0
3348,0,0
3349,0,0
3350,1,1
3351,0,0
3352,0,0
3353,0,0
3354,0,0
3355,0,0
3356,0,0
3357,0,0
3358,1,1
3359,1,1
3360,0,0
3361,1,1
3362,0,0
3363,1,1
3364,0,0
3365,1,1
3366,0,0
3367,0,0
3368,0,0
3369,1,1
3370,0,0
3371,1,1
3372,1,1
3373,1,1
3374,0,0
3375,1,1
3376,0,0
3377,0,0
3378,1,1
3379,1,1
3380,1,1
3381,0,0
3382,0,0
3383,1,1
3384,0,0
3385,0,0
3386,1,1
3387,0,1
3388,0,0
3389,0,0
3390,1,1
3391,0,0
3392,1,1
3393,0,0
3394,0,0
3395,1,1
3396,1,1
3397,0,0
3398,0,0
3399,0,0
3400,0,0
3401,0,0
3402,1,1
3403,0,0
3404,1,1
3405,1,1
3406,0,0
3407,0,0
3408,0,0
3409,0,0
3410,1,1
3411,1,1
3412,1,1
3413,0,0
3414,0,0
3415,0,0
3416,0,0
3417,0,0
3418,0,0
3419,1,1
3420,1,1
3421,0,0
3422,1,1
3423,0,0
3424,0,0
3425,1,1
3426,1,1
3427,1,1
3428,1,1
3429,1,1
3430,1,0
3431,1,1
3432,0,0
3433,0,0
3434,0,0
3435,0,0
3436,0,0
3437,1,0
3438,0,0
3439,0,0
3440,0,0
3441,1,1
3442,1,1
3443,1,1
3444,1,1
3445,1,1
3446,0,0
3447,1,1
3448,0,0
3449,1,1
3450,1,1
3451,0,0
3452,0,0
3453,0,0
3454,1,1
3455,1,1
3456,0,0
3457,1,1
3458,0,0
3459,0,0
3460,0,0
3461,0,0
3462,1,1
3463,1,1
3464,0,0
3465,1,1
3466,1,1
3467,1,1
3468,1,1
3469,0,0
3470,1,1
3471,1,1
3472,1,1
3473,1,1
3474,1,1
3475,1,1
3476,0,0
3477,0,0
3478,1,1
3479,0,0
3480,1,1
3481,1,1
3482,0,0
3483,1,1
3484,1,1
3485,0,0
3486,0,0
3487,1,1
3488,1,1
3489,0,0
3490,0,0
3491,1,1
3492,1,1
3493,1,1
3494,0,0
3495,0,0
3496,0,0
3497,0,0
3498,1,1
3499,1,1
3500,1,1
3501,0,0
3502,1,1
3503,0,0
3504,0,0
3505,1,1
3506,1,1
3507,1,1
3508,1,1
3509,1,1
3510,1,1
3511,1,1
3512,1,1
3513,0,0
3514,1,1
3515,0,0
3516,1,1
3517,1,1
3518,0,0
3519,1,1
3520,0,0
3521,1,1
3522,1,1
3523,0,0
3524,0,0
3525,0,0
3526,1,1
3527,1,1
3528,0,1
3529,0,0
3530,1,1
3531,0,0
3532,0,0
3533,0,0
3534,0,0
3535,0,0
3536,1,1
3537,1,1
3538,1,1
3539,0,0
3540,1,0
3541,1,1
3542,1,1
3543,1,1
3544,0,1
3545,0,1
3546,1,1
3547,0,0
3548,1,1
3549,1,1
3550,1,1
3551,0,0
3552,0,0
3553,0,0
3554,1,1
3555,0,0
3556,1,1
3557,1,1
3558,0,0
3559,1,1
3560,0,0
3561,0,0
3562,0,0
3563,0,0
3564,1,1
3565,1,1
3566,1,1
3567,1,1
3568,0,0
3569,0,0
3570,1,1
3571,0,0
3572,1,1
3573,0,0
3574,0,0
3575,1,1
3576,0,0
3577,1,1
3578,1,1
3579,0,0
3580,0,0
3581,0,0
3582,1,1
3583,0,0
3584,1,1
3585,0,0
3586,0,0
3587,1,1
3588,0,0
3589,1,1
3590,1,1
3591,0,0
3592,0,0
3593,0,0
3594,1,1
3595,1,1
3596,0,0
3597,0,0
3598,0,0
3599,0,0
3600,0,0
3601,1,1
3602,0,0
3603,0,0
3604,0,0
3605,0,0
3606,0,0
3607,0,0
3608,1,1
3609,0,0
3610,1,1
3611,1,1
3612,1,1
3613,1,1
3614,0,0
3615,1,1
3616,1,1
3617,1,1
3618,1,1
3619,1,1
3620,0,0
3621,1,1
3622,1,1
3623,0,0
3624,0,0
3625,1,1
3626,1,1
3627,1,1
3628,1,1
3629,0,0
3630,1,1
3631,1,1
3632,0,0
3633,1,1
3634,0,0
3635,0,0
3636,0,0
3637,0,0
3638,1,0
3639,1,1
3640,1,1
3641,0,0
3642,1,1
3643,0,0
3644,1,1
3645,0,0
3646,0,0
3647,1,1
3648,1,1
3649,0,0
3650,0,0
3651,1,1
3652,1,1
3653,1,1
3654,1,1
3655,0,0
3656,0,0
3657,1,1
3658,0,0
3659,1,1
3660,0,0
3661,1,1
3662,1,1
3663,0,0
3664,1,1
3665,0,0
3666,1,1
3667,1,1
3668,1,1
3669,0,0
3670,0,0
3671,1,1
3672,0,0
3673,1,1
3674,1,1
3675,1,1
3676,0,0
3677,1,1
3678,0,0
3679,1,1
3680,0,0
3681,0,0
3682,0,0
3683,0,0
3684,0,0
3685,0,0
3686,1,1
3687,0,0
3688,0,0
3689,0,0
3690,1,1
3691,1,1
3692,0,0
3693,1,1
3694,1,1
3695,0,0
3696,1,1
3697,0,0
3698,1,1
3699,1,1
3700,1,1
3701,0,0
3702,1,1
3703,0,0
3704,0,0
3705,1,1
3706,1,1
3707,1,1
3708,1,1
3709,0,0
3710,0,0
3711,1,1
3712,1,1
3713,0,0
3714,0,0
3715,0,0
3716,1,1
3717,1,1
3718,1,1
3719,0,0
3720,0,0
3721,1,1
3722,0,0
3723,1,0
3724,0,0
3725,0,0
3726,0,0
3727,1,1
3728,1,1
3729,0,0
3730,0,0
3731,1,1
3732,1,1
3733,1,1
3734,0,0
3735,0,0
3736,0,0
3737,0,0
3738,1,1
3739,0,0
3740,0,0
3741,0,0
3742,1,1
3743,1,1
3744,0,0
3745,1,1
3746,1,1
3747,1,1
3748,0,0
3749,0,0
3750,1,1
3751,0,0
3752,1,1
3753,1,1
3754,0,0
3755,0,0
3756,1,1
3757,0,1
3758,1,1
3759,1,1
3760,0,0
3761,0,0
3762,0,0
3763,1,1
3764,0,0
3765,1,1
3766,0,0
3767,0,0
3768,1,1
3769,1,1
3770,0,0
3771,0,0
3772,1,1
3773,1,1
3774,1,1
3775,1,1
3776,1,1
3777,1,1
3778,0,0
3779,0,0
3780,1,1
3781,0,0
3782,0,0
3783,0,0
3784,1,1
3785,1,1
3786,1,1
3787,1,1
3788,1,1
3789,0,0
3790,1,1
3791,0,0
3792,0,0
3793,1,1
3794,0,0
3795,1,1
3796,0,0
3797,0,0
3798,1,1
3799,1,1
3800,0,0
3801,0,0
3802,1,1
3803,1,1
3804,1,1
3805,1,1
3806,1,1
3807,0,0
3808,0,0
3809,1,1
3810,0,0
3811,0,0
3812,0,0
3813,1,1
3814,0,0
3815,1,1
3816,1,1
3817,0,0
3818,0,0
3819,1,1
3820,0,0
3821,1,1
3822,0,0
3823,1,1
3824,1,1
3825,1,1
3826,0,0
3827,0,0
3828,0,0
3829,1,1
3830,1,1
3831,1,1
3832,1,1
3833,0,0
3834,1,1
3835,0,0
3836,1,1
3837,0,0
3838,1,1
3839,0,0
3840,1,1
3841,1,1
3842,1,1
3843,0,0
3844,0,0
3845,0,0
3846,1,1
3847,1,1
3848,0,0
3849,0,0
3850,1,1
3851,0,0
3852,0,0
3853,0,0
3854,0,0
3855,0,0
3856,1,1
3857,0,0
3858,1,1
3859,0,0
3860,0,0
3861,0,0
3862,1,1
3863,1,1
3864,1,1
3865,0,0
3866,1,1
3867,1,1
3868,1,1
3869,0,0
3870,1,1
3871,0,0
3872,0,0
3873,0,0
3874,1,1
3875,1,1
3876,1,1
3877,0,0
3878,1,1
3879,0,0
3880,0,0
3881,0,0
3882,0,0
3883,0,0
3884,0,0
3885,1,1
3886,1,1
3887,0,0
3888,1,1
3889,1,1
3890,0,0
3891,1,1
3892,0,0
3893,1,1
3894,0,0
3895,1,1
3896,0,0
3897,0,0
3898,1,1
3899,0,0
3900,0,0
3901,0,0
3902,0,0
3903,0,0
3904,1,1
3905,0,0
3906,0,0
3907,1,1
3908,0,0
3909,0,0
3910,0,0
3911,1,1
3912,1,1
3913,1,1
3914,0,0
3915,1,1
3916,0,0
3917,0,0
3918,0,0
3919,1,1
3920,1,1
3921,1,1
3922,1,1
3923,0,0
3924,0,0
3925,0,0
3926,1,1
3927,0,0
3928,0,0
3929,0,0
3930,0,0
3931,0,0
3932,0,0
3933,0,0
3934,1,1
3935,0,0
3936,0,0
3937,0,0
3938,0,0
3939,1,1
3940,0,1
3941,0,0
3942,1,1
3943,1,1
3944,0,0
3945,1,1
3946,0,0
3947,1,1
3948,0,0
3949,1,1
3950,0,0
3951,1,1
3952,0,0
3953,0,0
3954,0,0
3955,1,1
3956,1,1
3957,0,0
3958,0,0
3959,1,1
3960,0,0
3961,0,0
3962,1,1
3963,1,1
3964,1,1
3965,1,1
3966,0,0
3967,0,0
3968,0,0
3969,0,0
3970,0,1
3971,0,0
3972,1,1
3973,0,0
3974,1,1
3975,1,1
3976,1,1
3977,1,1
3978,0,0
3979,1,1
3980,0,0
3981,0,0
3982,0,0
3983,0,0
3984,0,0
3985,1,1
3986,0,0
3987,0,0
3988,0,0
3989,1,1
3990,1,1
3991,0,0
3992,1,1
3993,0,0
3994,1,1
3995,1,1
3996,0,0
3997,1,1
3998,1,1
3999,1,1
4000,0,0
4001,1,1
4002,0,0
4003,0,0
4004,0,0
4005,0,0
4006,0,0
4007,0,0
4008,1,1
4009,0,0
4010,1,1
4011,1,1
4012,0,0
4013,0,0
4014,0,0
4015,0,1
4016,0,0
4017,0,0
4018,1,1
4019,1,1
4020,1,1
4021,0,0
4022,1,1
4023,0,0
4024,0,0
4025,1,1
4026,0,0
4027,0,0
4028,0,0
4029,0,0
4030,1,1
4031,0,0
4032,0,0
4033,0,0
4034,1,1
4035,0,0
4036,0,0
4037,1,1
4038,1,1
4039,1,1
4040,0,0
4041,0,0
4042,1,1
4043,0,0
4044,1,1
4045,0,0
4046,0,0
4047,0,1
4048,0,0
4049,1,1
4050,0,0
4051,1,1
4052,0,0
4053,1,1
4054,0,0
4055,0,0
4056,1,1
4057,0,0
4058,1,1
4059,0,0
4060,0,0
4061,1,1
4062,0,0
4063,1,1
4064,0,0
4065,1,1
4066,0,0
4067,1,1
4068,0,0
4069,0,0
4070,1,1
4071,1,1
4072,0,0
4073,1,1
4074,1,1
4075,0,0
4076,0,0
4077,1,1
4078,0,0
4079,1,1
4080,0,0
4081,0,0
4082,0,0
4083,0,0
4084,0,0
4085,0,0
4086,0,0
4087,1,1
4088,1,1
4089,1,1
4090,0,0
4091,1,1
4092,0,0
4093,0,0
4094,1,1
4095,1,1
4096,0,0
4097,1,1
4098,1,1
4099,0,0
4100,0,0
4101,0,0
4102,1,1
4103,1,1
4104,0,1
4105,0,0
4106,0,0
4107,0,0
4108,0,0
4109,0,0
4110,0,0
4111,1,1
4112,0,0
4113,0,0
4114,0,0
4115,0,0
4116,1,1
4117,0,0
4118,0,0
4119,1,1
4120,0,0
4121,0,0
4122,0,0
4123,0,0
4124,0,0
4125,0,0
4126,1,1
4127,0,0
4128,0,0
4129,1,1
4130,1,1
4131,0,0
4132,1,1
4133,1,1
4134,1,1
4135,1,1
4136,1,1
4137,1,1
4138,0,0
4139,1,1
4140,0,0
4141,1,1
4142,1,1
4143,0,0
4144,1,1
4145,0,0
4146,0,0
4147,0,0
4148,0,0
4149,0,0
4150,0,0
4151,0,1
4152,0,0
4153,1,1
4154,1,1
4155,1,1
4156,0,0
4157,0,0
4158,0,0
4159,0,0
4160,1,1
4161,1,1
4162,1,1
4163,0,0
4164,1,1
4165,0,0
4166,0,0
4167,1,1
4168,0,0
4169,0,0
4170,1,1
4171,1,1
4172,1,1
4173,0,0
4174,1,1
4175,0,0
4176,1,1
4177,0,0
4178,1,1
4179,1,1
4180,0,0
4181,0,0
4182,1,1
4183,1,1
4184,1,1
4185,0,0
4186,0,0
4187,0,0
4188,0,0
4189,1,1
4190,0,0
4191,1,1
4192,0,0
4193,0,0
4194,1,1
4195,0,0
4196,0,0
4197,0,0
4198,0,0
4199,0,0
4200,1,1
4201,1,0
4202,1,1
4203,0,0
4204,1,1
4205,1,1
4206,0,0
4207,0,0
4208,0,0
4209,0,0
4210,0,0
4211,0,0
4212,0,1
4213,1,1
4214,0,0
4215,0,1
4216,1,1
4217,1,1
4218,1,1
4219,0,0
4220,1,1
4221,0,0
4222,1,1
4223,0,0
4224,1,1
4225,1,1
4226,0,0
4227,1,1
4228,0,0
4229,0,0
4230,1,1
4231,0,0
4232,1,1
4233,1,1
4234,0,0
4235,0,0
4236,0,0
4237,0,0
4238,0,0
4239,1,1
4240,0,0
4241,1,1
4242,1,1
4243,1,1
4244,1,1
4245,0,0
4246,1,1
4247,0,0
4248,1,1
4249,0,0
4250,0,0
4251,1,1
4252,1,1
4253,0,0
4254,1,1
4255,0,0
4256,0,0
4257,0,0
4258,0,0
4259,1,1
4260,1,1
4261,0,0
4262,0,0
4263,1,1
4264,0,0
4265,0,0
4266,0,0
4267,0,0
4268,0,0
4269,0,0
4270,0,0
4271,1,1
4272,1,1
4273,0,0
4274,0,0
4275,0,0
4276,1,1
4277,0,0
4278,0,0
4279,1,1
4280,1,1
4281,1,1
4282,0,0
4283,0,1
4284,1,1
4285,1,1
4286,0,0
4287,1,1
4288,0,0
4289,1,1
4290,0,0
4291,0,0
4292,0,0
4293,0,0
4294,1,1
4295,0,1
4296,1,1
4297,1,1
4298,0,0
4299,0,0
4300,0,0
4301,0,0
4302,0,0
4303,0,0
4304,1,1
4305,0,0
4306,0,0
4307,0,0
4308,0,0
4309,0,0
4310,1,1
4311,0,0
4312,1,1
4313,1,1
4314,0,0
4315,1,1
4316,1,1
4317,0,0
4318,1,1
4319,1,1
4320,1,1
4321,0,0
4322,0,0
4323,1,1
4324,0,0
4325,0,0
4326,1,1
4327,0,0
4328,1,1
4329,1,1
4330,0,0
4331,0,0
4332,0,0
4333,1,1
4334,0,0
4335,0,0
4336,1,1
4337,0,0
4338,1,1
4339,0,0
4340,0,0
4341,0,0
4342,0,0
4343,1,1
4344,0,0
4345,1,1
4346,0,0
4347,0,0
4348,0,0
4349,0,0
4350,0,0
4351,0,0
4352,1,1
4353,0,0
4354,1,1
4355,0,0
4356,0,0
4357,1,1
4358,0,0
4359,0,0
4360,0,0
4361,0,0
4362,1,1
4363,0,0
4364,1,1
4365,1,1
4366,0,0
4367,1,1
4368,1,1
4369,0,0
4370,1,1
4371,0,0
4372,1,1
4373,0,0
4374,0,0
4375,1,1
4376,0,0
4377,0,0
4378,1,1
4379,0,0
4380,1,1
4381,1,1
4382,0,0
4383,0,0
4384,0,0
4385,1,1
4386,1,1
4387,1,1
4388,1,1
4389,0,0
4390,0,0
4391,0,0
4392,0,0
4393,1,1
4394,0,0
4395,0,0
4396,0,0
4397,0,0
4398,1,1
4399,0,0
4400,0,0
4401,0,0
4402,1,1
4403,0,0
4404,0,0
4405,1,1
4406,0,0
4407,0,0
4408,0,0
4409,0,0
4410,0,0
4411,1,0
4412,1,1
4413,1,1
4414,1,1
4415,0,0
4416,1,1
4417,0,0
4418,1,1
4419,0,0
4420,0,0
4421,0,0
4422,1,1
4423,1,1
4424,0,0
4425,0,0
4426,0,0
4427,1,1
4428,1,1
4429,0,0
4430,0,0
4431,0,0
4432,0,0
4433,0,0
4434,0,0
4435,0,0
4436,1,1
4437,1,1
4438,1,1
4439,1,1
4440,1,1
4441,0,0
4442,1,1
4443,1,1
4444,0,0
4445,0,0
4446,1,1
4447,0,0
4448,1,1
4449,0,0
4450,0,0
4451,0,0
4452,0,0
4453,0,0
4454,1,1
4455,0,0
4456,0,0
4457,1,1
4458,1,1
4459,1,1
4460,1,1
4461,0,0
4462,0,0
4463,1,1
4464,0,0
4465,1,1
4466,1,1
4467,1,1
4468,0,0
4469,0,1
4470,1,1
4471,0,0
4472,1,1
4473,0,0
4474,1,1
4475,0,0
4476,1,1
4477,1,1
4478,0,0
4479,0,0
4480,0,0
4481,1,1
4482,1,1
4483,0,0
4484,1,1
4485,0,0
4486,1,1
4487,1,1
4488,0,0
4489,1,1
4490,0,0
4491,0,0
4492,1,1
4493,1,1
4494,1,1
4495,1,1
4496,1,1
4497,1,1
4498,0,0
4499,1,1
4500,1,1
4501,1,1
4502,0,0
4503,0,0
4504,1,1
4505,0,0
4506,1,1
4507,1,1
4508,0,1
4509,1,1
4510,0,0
4511,1,1
4512,1,1
4513,1,1
4514,1,1
4515,1,1
4516,1,1
4517,0,0
4518,1,1
4519,0,0
4520,1,1
4521,0,0
4522,0,0
4523,1,1
4524,1,1
4525,0,0
4526,0,0
4527,0,0
4528,1,1
4529,1,1
4530,1,1
4531,1,1
4532,0,0
4533,0,0
4534,0,0
4535,0,0
4536,0,0
4537,1,1
4538,0,0
4539,0,0
4540,1,1
4541,1,1
4542,0,0
4543,0,0
4544,1,1
4545,0,0
4546,1,1
4547,1,1
4548,0,0
4549,1,1
4550,1,1
4551,1,1
4552,1,1
4553,1,1
4554,0,0
4555,0,0
4556,1,1
4557,0,0
4558,1,1
4559,0,0
4560,0,0
4561,1,1
4562,0,0
4563,0,0
4564,0,0
4565,1,1
4566,0,0
4567,1,1
4568,1,1
4569,1,1
4570,0,0
4571,0,0
4572,0,0
4573,1,1
4574,0,0
4575,1,1
4576,0,0
4577,1,1
4578,1,1
4579,1,1
4580,0,0
4581,1,1
4582,0,0
4583,0,0
4584,0,0
4585,0,0
4586,1,1
4587,0,0
4588,1,1
4589,1,1
4590,0,0
4591,0,0
4592,1,1
4593,0,0
4594,0,0
4595,1,1
4596,0,0
4597,0,0
4598,0,0
4599,0,0
4600,0,0
4601,1,1
4602,0,0
4603,1,1
4604,1,1
4605,1,1
4606,1,1
4607,0,0
4608,1,1
4609,1,1
4610,1,1
4611,0,0
4612,0,0
4613,1,1
4614,0,0
4615,0,0
4616,1,1
4617,0,0
4618,0,0
4619,0,0
4620,1,1
4621,1,1
4622,0,0
4623,1,1
4624,0,0
4625,0,0
4626,0,0
4627,0,0
4628,1,1
4629,0,0
4630,1,1
4631,1,1
4632,1,1
4633,1,1
4634,1,1
4635,1,1
4636,1,1
4637,0,0
4638,1,1
4639,1,1
4640,0,0
4641,1,1
4642,0,0
4643,1,1
4644,1,1
4645,1,1
4646,0,0
4647,0,0
4648,0,0
4649,1,1
4650,1,1
4651,0,0
4652,1,1
4653,0,0
4654,1,1
4655,0,0
4656,1,1
4657,1,1
4658,0,0
4659,1,1
4660,0,0
4661,1,1
4662,1,1
4663,0,0
4664,0,0
4665,1,1
4666,0,1
4667,0,0
4668,0,0
4669,0,0
4670,1,1
4671,1,1
4672,0,0
4673,1,1
4674,1,1
4675,0,0
4676,1,1
4677,0,0
4678,1,1
4679,1,1
4680,1,1
4681,0,0
4682,0,0
4683,0,0
4684,0,0
4685,0,0
4686,1,1
4687,0,0
4688,0,0
4689,0,0
4690,1,1
4691,0,0
4692,0,0
4693,0,0
4694,0,0
4695,0,0
4696,0,0
4697,0,0
4698,0,0
4699,0,0
4700,1,1
4701,0,0
4702,0,0
4703,0,0
4704,1,1
4705,0,0
4706,0,0
4707,0,0
4708,1,1
4709,0,0
4710,0,0
4711,1,1
4712,1,1
4713,1,1
4714,0,0
4715,0,0
4716,0,0
4717,0,0
4718,0,0
4719,0,0
4720,0,0
4721,1,1
4722,0,0
4723,1,1
4724,0,0
4725,1,1
4726,0,0
4727,1,1
4728,0,0
4729,0,0
4730,0,0
4731,0,0
4732,0,0
4733,1,1
4734,1,1
4735,1,1
4736,1,1
4737,0,0
4738,1,1
4739,0,0
4740,1,1
4741,0,0
4742,1,1
4743,0,0
4744,1,1
4745,0,0
4746,0,0
4747,0,0
4748,1,1
4749,1,1
4750,0,0
4751,1,1
4752,0,0
4753,1,1
4754,0,0
4755,1,1
4756,0,0
4757,0,1
4758,1,1
4759,1,1
4760,1,1
4761,1,1
4762,0,0
4763,0,0
4764,0,0
4765,1,1
4766,1,1
4767,1,1
4768,1,1
4769,1,1
4770,0,0
4771,1,1
4772,0,0
4773,1,1
4774,0,0
4775,1,1
4776,1,1
4777,1,1
4778,0,0
4779,1,1
4780,0,0
4781,1,1
4782,1,1
4783,0,0
4784,1,1
4785,0,0
4786,0,0
4787,1,1
4788,1,1
4789,0,0
4790,0,0
4791,0,0
4792,1,1
4793,1,1
4794,1,1
4795,1,1
4796,1,1
4797,0,0
4798,0,0
4799,1,1
4800,0,0
4801,0,0
4802,0,0
4803,0,0
4804,1,1
4805,0,0
4806,0,0
4807,0,0
4808,1,1
4809,1,1
4810,1,1
4811,0,0
4812,0,0
4813,1,1
4814,1,1
4815,1,1
4816,1,1
4817,1,1
4818,1,1
4819,1,1
4820,0,0
4821,0,0
4822,1,1
4823,1,1
4824,0,0
4825,0,0
4826,0,0
4827,0,0
4828,0,1
4829,1,1
4830,1,1
4831,0,0
4832,1,1
4833,1,1
4834,0,0
4835,1,1
4836,0,0
4837,1,1
4838,1,1
4839,1,1
4840,0,0
4841,1,1
4842,1,1
4843,0,0
4844,0,0
4845,1,1
4846,1,1
4847,0,0
4848,1,1
4849,1,1
4850,1,1
4851,1,1
4852,0,0
4853,1,1
4854,1,1
4855,1,1
4856,1,1
4857,0,0
4858,1,1
4859,0,0
4860,0,0
4861,1,1
4862,0,0
4863,0,0
4864,1,1
4865,0,0
4866,0,1
4867,0,1
4868,1,1
4869,0,0
4870,0,0
4871,1,1
4872,1,1
4873,1,1
4874,1,1
4875,0,0
4876,0,0
4877,1,1
4878,0,0
4879,0,0
4880,0,0
4881,1,1
4882,1,1
4883,1,1
4884,0,0
4885,1,1
4886,1,1
4887,1,1
4888,0,1
4889,1,1
4890,0,0
4891,0,0
4892,0,0
4893,1,1
4894,1,1
4895,0,0
4896,1,1
4897,1,1
4898,0,0
4899,1,1
4900,1,1
4901,1,1
4902,0,0
4903,0,0
4904,0,0
4905,0,0
4906,0,0
4907,0,0
4908,0,0
4909,0,0
4910,0,0
4911,1,1
4912,1,1
4913,0,0
4914,0,0
4915,0,0
4916,1,1
4917,1,1
4918,1,1
4919,0,0
4920,0,0
4921,0,0
4922,1,1
4923,1,1
4924,0,0
4925,1,1
4926,1,1
4927,0,0
4928,1,1
4929,1,1
4930,1,1
4931,0,0
4932,0,0
4933,0,0
4934,1,1
4935,1,1
4936,0,0
4937,0,0
4938,1,1
4939,1,1
4940,0,0
4941,0,0
4942,0,1
4943,1,1
4944,0,0
4945,1,1
4946,1,1
4947,0,0
4948,0,0
4949,0,0
4950,0,0
4951,1,1
4952,0,0
4953,1,1
4954,0,0
4955,0,0
4956,1,1
4957,1,1
4958,0,0
4959,1,1
4960,0,0
4961,1,1
4962,1,1
4963,1,1
4964,1,1
4965,1,1
4966,1,1
4967,0,0
4968,0,0
4969,0,0
4970,0,0
4971,1,1
4972,1,1
4973,0,0
4974,1,1
4975,0,0
4976,1,1
4977,0,0
4978,0,0
4979,1,1
4980,0,0
4981,1,1
4982,0,0
4983,1,1
4984,0,0
4985,1,1
4986,0,0
4987,0,0
4988,0,0
4989,1,1
4990,1,1
4991,0,0
4992,0,0
4993,1,1
4994,0,0
4995,0,0
4996,0,0
4997,1,1
4998,1,1
4999,0,0
5000,0,0
5001,0,0
5002,0,0
5003,1,1
5004,0,0
5005,1,1
5006,0,0
5007,0,0
5008,0,0
5009,1,1
5010,0,0
5011,0,0
5012,0,0
5013,0,0
5014,0,0
5015,1,1
5016,0,0
5017,0,0
5018,0,0
5019,0,0
5020,0,0
5021,0,0
5022,0,0
5023,0,0
5024,0,0
5025,0,0
5026,0,0
5027,1,1
5028,1,1
5029,0,0
5030,1,1
5031,0,0
5032,0,0
5033,0,0
5034,1,1
5035,0,0
5036,1,1
5037,0,0
5038,1,1
5039,1,1
5040,0,0
5041,1,1
5042,1,1
5043,0,0
5044,0,0
5045,1,1
5046,1,1
5047,1,1
5048,0,0
5049,0,0
5050,1,1
5051,1,1
5052,0,0
5053,1,1
5054,1,1
5055,0,0
5056,0,0
5057,1,1
5058,0,0
5059,1,1
5060,0,0
5061,0,0
5062,0,0
5063,1,1
5064,1,1
5065,0,0
5066,0,0
5067,1,1
5068,0,0
5069,0,0
5070,0,0
5071,0,0
5072,0,0
5073,1,1
5074,0,0
5075,0,0
5076,1,1
5077,0,0
5078,1,1
5079,1,1
5080,1,1
5081,0,0
5082,0,0
5083,0,0
5084,0,0
5085,0,0
5086,0,0
5087,0,0
5088,1,1
5089,1,1
5090,1,1
5091,0,0
5092,1,0
5093,1,1
5094,0,0
5095,1,1
5096,1,1
5097,0,0
5098,0,0
5099,1,1
5100,0,0
5101,0,0
5102,0,0
5103,0,0
5104,1,1
5105,0,0
5106,0,0
5107,0,0
5108,1,1
5109,1,1
5110,0,0
5111,0,0
5112,1,1
5113,0,0
5114,1,1
5115,1,1
5116,1,1
5117,0,0
5118,0,0
5119,0,0
5120,0,0
5121,0,0
5122,1,1
5123,0,0
5124,1,1
5125,1,1
5126,0,0
5127,1,1
5128,0,0
5129,0,0
5130,1,1
5131,0,0
5132,1,1
5133,1,1
5134,1,1
5135,0,0
5136,1,1
5137,0,0
5138,0,0
5139,0,0
5140,0,0
5141,0,0
5142,0,0
5143,1,1
5144,1,1
5145,0,1
5146,1,1
5147,1,1
5148,0,0
5149,0,0
5150,0,0
5151,0,0
5152,0,0
5153,0,0
5154,0,0
5155,0,0
5156,1,1
5157,0,0
5158,1,1
5159,0,0
5160,0,0
5161,1,1
5162,0,0
5163,0,0
5164,1,1
5165,0,0
5166,1,1
5167,1,1
5168,0,0
5169,1,1
5170,0,0
5171,0,0
5172,1,1
5173,1,1
5174,1,1
5175,1,1
5176,0,0
5177,0,0
5178,0,1
5179,0,0
5180,0,0
5181,1,1
5182,0,0
5183,0,0
5184,0,0
5185,1,1
5186,1,1
5187,1,1
5188,0,0
5189,0,0
5190,0,0
5191,0,0
5192,0,0
5193,0,0
5194,0,0
5195,1,1
5196,0,0
5197,0,0
5198,1,1
5199,1,1
5200,0,0
5201,1,1
5202,1,1
5203,1,1
5204,0,0
5205,0,0
5206,1,1
5207,1,1
5208,1,1
5209,1,1
5210,1,1
5211,1,1
5212,1,1
5213,0,0
5214,1,1
5215,0,0
5216,0,0
5217,0,0
5218,1,1
5219,1,1
5220,0,0
5221,0,0
5222,0,0
5223,1,1
5224,1,1
5225,0,0
5226,0,0
5227,0,0
5228,1,1
5229,1,1
5230,0,0
5231,0,0
5232,1,1
5233,0,0
5234,1,1
5235,1,1
5236,0,0
5237,0,0
5238,1,1
5239,1,0
5240,0,0
5241,1,1
5242,1,1
5243,0,0
5244,1,1
5245,0,0
5246,1,1
5247,0,0
5248,0,0
5249,1,1
5250,1,1
5251,0,0
5252,0,0
5253,0,0
5254,1,1
5255,0,0
5256,0,0
5257,1,1
5258,0,0
5259,1,1
5260,1,1
5261,0,0
5262,0,0
5263,0,0
5264,0,0
5265,0,0
5266,0,0
5267,0,0
5268,0,0
5269,0,0
5270,1,1
5271,0,0
5272,1,1
5273,0,0
5274,0,0
5275,0,0
5276,1,1
5277,0,0
5278,0,0
5279,0,0
5280,1,1
5281,1,1
5282,0,0
5283,1,1
5284,0,0
5285,1,1
5286,1,1
5287,0,0
5288,1,1
5289,1,0
5290,1,1
5291,1,1
5292,1,1
5293,0,0
5294,1,1
5295,1,1
5296,1,1
5297,0,0
5298,0,1
5299,0,0
5300,0,0
5301,0,0
5302,1,1
5303,1,1
5304,1,1
5305,0,0
5306,0,0
5307,0,0
5308,1,1
5309,0,0
5310,1,1
5311,1,1
5312,1,1
5313,1,1
5314,1,1
5315,0,0
5316,0,0
5317,1,1
5318,1,1
5319,0,0
5320,0,0
5321,0,0
5322,0,0
5323,0,0
5324,0,0
5325,0,0
5326,1,0
5327,0,0
5328,0,0
5329,0,0
5330,1,1
5331,0,0
5332,0,0
5333,0,0
5334,0,0
5335,1,1
5336,0,0
5337,1,1
5338,1,1
5339,0,0
5340,0,0
5341,1,1
5342,1,1
5343,1,1
5344,1,1
5345,0,0
5346,1,1
5347,0,0
5348,0,0
5349,1,1
5350,1,1
5351,0,0
5352,0,0
5353,0,0
5354,0,0
5355,1,1
5356,0,0
5357,1,1
5358,0,0
5359,0,0
5360,1,1
5361,1,1
5362,1,1
5363,1,1
5364,0,0
5365,0,0
5366,0,0
5367,1,1
5368,0,0
5369,0,0
5370,1,1
5371,0,0
5372,0,0
5373,1,1
5374,0,0
5375,0,0
5376,1,1
5377,0,0
5378,0,0
5379,0,0
5380,0,0
5381,0,0
5382,1,1
5383,0,0
5384,1,1
5385,0,0
5386,1,1
5387,0,0
5388,0,0
5389,1,1
5390,0,0
5391,1,1
5392,1,1
5393,0,0
5394,1,1
5395,0,0
5396,1,1
5397,1,1
5398,1,1
5399,0,0
5400,0,0
5401,0,0
5402,1,1
5403,1,1
5404,1,1
5405,0,0
5406,0,0
5407,0,0
5408,1,1
5409,0,0
5410,0,0
5411,0,0
5412,0,0
5413,0,0
5414,0,0
5415,0,0
5416,1,1
5417,1,1
5418,0,1
5419,0,0
5420,0,0
5421,1,1
5422,0,0
5423,0,0
5424,1,1
5425,0,0
5426,0,0
5427,0,0
5428,1,1
5429,1,1
5430,0,0
5431,1,1
5432,0,0
5433,0,0
5434,0,0
5435,0,0
5436,0,0
5437,1,1
5438,0,0
5439,1,1
5440,1,1
5441,1,1
5442,0,0
5443,0,0
5444,0,0
5445,1,1
5446,0,0
5447,0,0
5448,1,1
5449,0,0
5450,0,0
5451,0,0
5452,0,0
5453,0,0
5454,1,1
5455,0,0
5456,1,1
5457,0,0
5458,0,0
5459,0,0
5460,0,0
5461,0,0
5462,0,0
5463,1,1
5464,0,0
5465,1,1
5466,1,1
5467,0,0
5468,1,1
5469,1,1
5470,1,1
5471,0,0
5472,1,1
5473,0,0
5474,1,1
5475,0,0
5476,0,0
5477,1,1
5478,0,0
5479,0,0
5480,1,1
5481,0,0
5482,0,0
5483,0,0
5484,1,1
5485,1,0
5486,1,1
5487,0,0
5488,0,0
5489,1,1
5490,1,1
5491,1,1
5492,0,0
5493,1,1
5494,1,1
5495,1,1
5496,0,0
5497,0,0
5498,0,0
5499,1,1
5500,0,0
5501,1,1
5502,1,1
5503,0,0
5504,0,0
5505,1,1
5506,1,1
5507,1,1
5508,0,0
5509,1,1
5510,1,1
5511,0,0
5512,0,0
5513,1,1
5514,0,0
5515,1,1
5516,0,0
5517,0,0
5518,1,1
5519,1,1
5520,1,1
5521,0,0
5522,1,1
5523,0,0
5524,0,0
5525,0,0
5526,1,1
5527,0,0
5528,0,0
5529,0,0
5530,0,1
5531,1,1
5532,1,1
5533,0,0
5534,0,0
5535,0,0
5536,0,0
5537,1,1
5538,1,1
5539,1,1
5540,1,1
5541,1,1
5542,1,1
5543,0,0
5544,0,0
5545,0,0
5546,1,1
5547,0,0
5548,0,0
5549,0,0
5550,0,0
5551,0,0
5552,1,1
5553,0,0
5554,1,1
5555,1,1
5556,0,0
5557,0,0
5558,0,0
5559,1,1
5560,1,1
5561,0,0
5562,1,1
5563,0,0
5564,0,0
5565,1,1
5566,1,1
5567,1,1
5568,0,0
5569,1,1
5570,1,1
5571,1,1
5572,1,1
5573,1,1
5574,0,0
5575,1,1
5576,0,0
5577,0,0
5578,1,1
5579,0,1
5580,0,0
5581,0,0
5582,1,1
5583,1,1
5584,1,1
5585,0,0
5586,1,1
5587,0,0
5588,0,0
5589,0,0
5590,0,0
5591,1,1
5592,0,0
5593,1,1
5594,0,0
5595,1,1
5596,0,0
5597,0,0
5598,0,1
5599,1,1
5600,1,1
5601,1,1
5602,0,0
5603,1,1
5604,0,0
5605,0,0
5606,1,1
5607,1,1
5608,1,1
5609,0,0
5610,0,0
5611,1,1
5612,0,0
5613,1,1
5614,0,0
5615,1,1
5616,0,0
5617,0,0
5618,0,0
5619,1,1
5620,0,0
5621,1,1
5622,1,1
5623,0,0
5624,1,1
5625,0,0
5626,1,1
5627,0,0
5628,1,1
5629,1,1
5630,1,1
5631,0,0
5632,0,0
5633,0,0
5634,0,0
5635,0,0
5636,1,1
5637,0,0
5638,0,0
5639,1,1
5640,0,0
5641,0,0
5642,1,1
5643,0,0
5644,0,1
5645,1,1
5646,1,1
5647,1,1
5648,0,0
5649,1,1
5650,0,0
5651,0,0
5652,1,1
5653,1,1
5654,1,1
5655,1,1
5656,0,0
5657,0,0
5658,1,1
5659,0,0
5660,0,0
5661,1,1
5662,1,1
5663,1,1
5664,0,0
5665,1,1
5666,1,1
5667,0,0
5668,0,0
5669,0,0
5670,1,1
5671,0,0
5672,1,1
5673,0,0
5674,0,0
5675,0,0
5676,0,0
5677,0,0
5678,1,1
5679,1,1
5680,1,1
5681,1,1
5682,0,0
5683,1,1
5684,0,0
5685,0,0
5686,0,0
5687,1,1
5688,1,1
5689,0,0
5690,1,1
5691,0,0
5692,0,0
5693,1,1
5694,0,0
5695,0,0
5696,0,0
5697,1,1
5698,1,1
5699,1,1
5700,1,1
5701,0,0
5702,0,0
5703,0,0
5704,1,1
5705,0,0
5706,1,1
5707,1,1
5708,1,1
5709,1,1
5710,0,0
5711,0,0
5712,1,1
5713,0,0
5714,1,1
5715,0,0
5716,1,1
5717,1,1
5718,1,1
5719,0,0
5720,0,0
5721,0,0
5722,1,1
5723,1,1
5724,1,1
5725,1,1
5726,0,1
5727,1,1
5728,0,0
5729,0,0
5730,1,1
5731,1,1
5732,0,0
5733,1,1
5734,0,0
5735,0,0
5736,0,0
5737,0,0
5738,0,0
5739,1,1
5740,0,0
5741,1,1
5742,0,0
5743,0,0
5744,0,0
5745,1,1
5746,0,0
5747,1,1
5748,0,0
5749,1,1
5750,1,1
5751,0,0
5752,1,1
5753,0,0
5754,0,0
5755,0,0
5756,0,0
5757,0,0
5758,0,0
5759,1,1
5760,0,0
5761,1,1
5762,0,0
5763,1,1
5764,0,0
5765,1,1
5766,0,0
5767,1,1
5768,0,0
5769,1,1
5770,0,0
5771,1,1
5772,0,0
5773,1,1
5774,0,0
5775,1,1
5776,1,1
5777,0,0
5778,0,0
5779,0,0
5780,1,1
5781,0,0
5782,0,0
5783,0,1
5784,0,0
5785,0,0
5786,1,1
5787,0,0
5788,1,1
5789,0,0
5790,0,0
5791,0,0
5792,1,1
5793,0,0
5794,1,1
5795,0,0
5796,0,0
5797,0,0
5798,1,1
5799,1,1
5800,0,1
5801,0,0
5802,0,0
5803,0,1
5804,0,0
5805,0,1
5806,0,0
5807,0,0
5808,1,1
5809,1,1
5810,1,1
5811,1,1
5812,0,0
5813,1,1
5814,0,0
5815,0,0
5816,0,1
5817,1,1
5818,0,0
5819,0,0
5820,1,1
5821,1,1
5822,1,1
5823,1,1
5824,0,0
5825,0,0
5826,0,0
5827,1,1
5828,0,0
5829,0,0
5830,0,0
5831,0,0
5832,0,0
5833,1,1
5834,1,1
5835,1,1
5836,1,1
5837,0,0
5838,1,1
5839,1,1
5840,1,1
5841,0,0
5842,1,1
5843,0,0
5844,1,1
5845,0,0
5846,0,0
5847,1,1
5848,1,1
5849,1,1
5850,0,0
5851,0,0
5852,1,1
5853,0,0
5854,0,0
5855,0,0
5856,1,1
5857,1,1
5858,0,0
5859,1,1
5860,0,0
5861,0,0
5862,1,1
5863,1,1
5864,1,1
5865,0,0
5866,0,0
5867,1,1
5868,0,0
5869,1,1
5870,1,1
5871,0,0
5872,1,1
5873,1,1
5874,1,1
5875,0,0
5876,0,0
5877,1,1
5878,1,1
5879,1,1
5880,1,1
5881,0,0
5882,0,0
5883,1,1
5884,0,0
5885,1,1
5886,1,1
5887,0,0
5888,0,0
5889,0,0
5890,1,1
5891,1,1
5892,0,0
5893,1,1
5894,0,0
5895,0,0
5896,1,1
5897,1,1
5898,0,0
5899,0,0
5900,0,0
5901,0,0
5902,0,0
5903,0,0
5904,1,1
5905,0,0
5906,1,1
5907,0,0
5908,1,1
5909,1,1
5910,1,1
5911,0,0
5912,0,0
5913,0,0
5914,1,1
5915,0,0
5916,0,0
5917,0,0
5918,0,0
5919,1,1
5920,1,1
5921,0,0
5922,1,1
5923,0,0
5924,1,1
5925,0,0
5926,0,0
5927,1,1
5928,1,1
5929,0,0
5930,1,1
5931,0,0
5932,0,0
5933,1,1
5934,0,0
5935,0,0
5936,0,0
5937,0,0
5938,1,1
5939,0,0
5940,1,1
5941,0,0
5942,0,0
5943,1,1
5944,1,1
5945,1,1
5946,1,1
5947,0,0
5948,1,1
5949,1,1
5950,1,1
5951,0,0
5952,1,1
5953,1,1
5954,1,1
5955,0,0
5956,0,0
5957,0,0
5958,1,1
5959,1,1
5960,1,1
5961,0,0
5962,0,0
5963,1,1
5964,1,1
5965,0,0
5966,0,0
5967,1,1
5968,1,1
5969,0,0
5970,0,0
5971,1,1
5972,0,0
5973,1,1
5974,1,1
5975,1,1
5976,1,1
5977,0,0
5978,0,0
5979,0,0
5980,1,1
5981,0,0
5982,1,1
5983,1,1
5984,1,1
5985,0,0
5986,1,1
5987,0,0
5988,0,0
5989,1,1
5990,1,1
5991,1,1
5992,0,0
5993,0,0
5994,0,0
5995,0,0
5996,0,0
5997,0,0
5998,0,0
5999,1,1
6000,0,0
6001,1,1
6002,0,0
6003,0,0
6004,0,0
6005,0,0
6006,1,1
6007,1,1
6008,1,1
6009,1,1
6010,1,1
6011,0,0
6012,1,1
6013,1,1
6014,0,0
6015,0,0
6016,1,1
6017,1,1
6018,1,1
6019,0,0
6020,0,0
6021,1,1
6022,1,1
6023,0,0
6024,0,0
6025,0,0
6026,1,1
6027,1,1
6028,1,1
6029,1,1
6030,1,1
6031,0,0
6032,0,0
6033,1,1
6034,0,0
6035,0,0
6036,0,0
6037,0,0
6038,0,0
6039,1,1
6040,1,1
6041,0,0
6042,1,1
6043,0,0
6044,1,1
6045,1,1
6046,1,1
6047,0,0
6048,1,1
6049,1,0
6050,0,0
6051,0,0
6052,1,1
6053,0,0
6054,1,1
6055,1,1
6056,0,0
6057,0,0
6058,1,1
6059,1,1
6060,1,1
6061,0,0
6062,0,0
6063,0,0
6064,1,1
6065,0,0
6066,1,1
6067,0,0
6068,1,1
6069,0,0
6070,0,0
6071,0,0
6072,1,1
6073,1,1
6074,1,1
6075,1,1
6076,0,0
6077,1,1
6078,0,0
6079,0,0
6080,1,1
6081,1,1
6082,0,0
6083,1,1
6084,1,1
6085,1,1
6086,0,0
6087,0,0
6088,0,0
6089,1,1
6090,1,1
6091,1,1
6092,1,1
6093,0,0
6094,1,1
6095,0,0
6096,1,1
6097,1,1
6098,1,1
6099,1,1
6100,1,1
6101,1,1
6102,1,1
6103,1,1
6104,1,1
6105,0,0
6106,1,1
6107,1,1
6108,0,0
6109,1,1
6110,1,1
6111,0,0
6112,1,1
6113,1,1
6114,1,1
6115,1,1
6116,0,0
6117,1,1
6118,1,1
6119,1,1
6120,0,0
6121,0,0
6122,0,0
6123,1,1
6124,0,0
6125,1,1
6126,0,0
6127,1,1
6128,0,0
6129,0,0
6130,1,1
6131,0,0
6132,0,0
6133,1,1
6134,0,0
6135,0,0
6136,1,1
6137,0,0
6138,0,0
6139,1,1
6140,1,1
6141,0,0
6142,0,0
6143,0,0
6144,0,0
6145,0,1
6146,0,0
6147,0,0
6148,0,0
6149,1,1
6150,1,1
6151,1,1
6152,1,1
6153,1,1
6154,1,1
6155,0,0
6156,0,0
6157,1,1
6158,1,1
6159,0,0
6160,1,1
6161,1,1
6162,0,0
6163,0,0
6164,1,1
6165,0,0
6166,1,1
6167,1,1
6168,0,0
6169,1,1
6170,0,0
6171,0,0
6172,0,0
6173,1,1
6174,0,0
6175,1,1
6176,0,1
6177,0,0
6178,1,1
6179,0,0
6180,0,0
6181,1,1
6182,0,0
6183,1,1
6184,0,0
6185,0,0
6186,1,1
6187,0,0
6188,0,0
6189,0,0
6190,1,1
6191,0,0
6192,1,1
6193,0,0
6194,1,1
6195,1,1
6196,1,1
6197,1,1
6198,1,1
6199,1,1
6200,0,0
6201,1,1
6202,1,1
6203,1,1
6204,0,0
6205,0,0
6206,1,1
6207,1,1
6208,1,1
6209,0,0
6210,1,1
6211,0,0
6212,0,0
6213,0,0
6214,0,0
6215,1,1
6216,1,1
6217,0,0
6218,0,0
6219,1,1
6220,0,0
6221,1,1
6222,0,0
6223,1,1
6224,1,1
6225,1,1
6226,0,0
6227,1,1
6228,0,0
6229,1,1
6230,1,1
6231,0,0
6232,0,1
6233,0,0
6234,0,0
6235,0,0
6236,0,0
6237,0,0
6238,0,0
6239,0,0
6240,1,1
6241,0,0
6242,0,0
6243,1,1
6244,1,1
6245,0,0
6246,1,1
6247,1,1
6248,1,1
6249,1,1
6250,0,0
6251,1,1
6252,0,0
6253,0,0
6254,0,0
6255,0,0
6256,0,0
6257,0,0
6258,0,0
6259,0,0
6260,0,0
6261,1,1
6262,1,1
6263,1,1
6264,1,1
6265,0,0
6266,1,1
6267,0,0
6268,0,0
6269,0,0
6270,1,1
6271,1,1
6272,1,1
6273,1,1
6274,1,1
6275,1,1
6276,1,1
6277,1,1
6278,0,0
6279,1,1
6280,0,0
6281,1,1
6282,0,0
6283,0,0
6284,1,1
6285,1,1
6286,0,0
6287,0,0
6288,1,1
6289,0,0
6290,0,0
6291,1,1
6292,0,0
6293,1,1
6294,1,1
6295,1,1
6296,1,1
6297,1,1
6298,0,0
6299,0,0
6300,1,1
6301,1,1
6302,0,0
6303,0,0
6304,0,0
6305,0,0
6306,1,1
6307,0,0
6308,0,0
6309,1,1
6310,0,0
6311,0,0
6312,1,1
6313,0,0
6314,0,0
6315,0,0
6316,1,1
6317,0,0
6318,0,0
6319,0,1
6320,1,1
6321,0,0
6322,1,1
6323,1,1
6324,1,1
6325,1,1
6326,1,1
6327,0,0
6328,1,1
6329,0,0
6330,1,1
6331,1,1
6332,1,1
6333,1,1
6334,1,1
6335,0,0
6336,1,1
6337,1,1
6338,1,1
6339,0,0
6340,1,1
6341,0,0
6342,1,1
6343,1,1
6344,0,0
6345,0,0
6346,0,0
6347,1,1
6348,1,1
6349,0,0
6350,0,0
6351,0,0
6352,0,0
6353,1,1
6354,1,1
6355,0,0
6356,1,1
6357,1,1
6358,0,0
6359,0,0
6360,1,1
6361,0,0
6362,1,1
6363,1,1
6364,0,0
6365,1,1
6366,0,1
6367,0,0
6368,0,0
6369,1,1
6370,1,1
6371,0,0
6372,0,0
6373,0,0
6374,1,1
6375,1,1
6376,1,1
6377,0,0
6378,1,1
6379,0,0
6380,1,1
6381,0,0
6382,0,0
6383,0,0
6384,0,0
6385,1,1
6386,0,0
6387,1,1
6388,0,0
6389,0,0
6390,1,1
6391,1,1
6392,0,0
6393,0,0
6394,1,1
6395,0,0
6396,0,0
6397,1,1
6398,1,1
6399,1,1
6400,1,1
6401,1,1
6402,0,0
6403,0,0
6404,0,0
6405,1,1
6406,1,1
6407,1,1
6408,0,0
6409,0,0
6410,1,1
6411,1,1
6412,0,0
6413,1,1
6414,1,1
6415,0,0
6416,0,0
6417,0,0
6418,1,1
6419,1,1
6420,1,1
6421,0,0
6422,0,0
6423,1,1
6424,0,0
6425,1,1
6426,0,0
6427,0,0
6428,0,0
6429,0,0
6430,0,0
6431,1,1
6432,1,1
6433,0,0
6434,1,1
6435,0,0
6436,1,1
6437,0,0
6438,1,1
6439,1,1
6440,1,1
6441,1,1
6442,1,1
6443,1,1
6444,0,0
6445,0,0
6446,0,0
6447,0,0
6448,1,1
6449,0,0
6450,0,0
6451,1,1
6452,0,0
6453,0,0
6454,0,0
6455,0,0
6456,0,0
6457,0,0
6458,0,0
6459,0,0
6460,1,1
6461,1,1
6462,0,0
6463,0,0
6464,1,1
6465,0,0
6466,1,1
6467,1,1
6468,0,0
6469,1,1
6470,0,0
6471,0,0
6472,0,0
6473,1,1
6474,0,0
6475,0,0
6476,0,0
6477,0,0
6478,0,0
6479,0,0
6480,1,1
6481,0,0
6482,1,1
6483,0,0
6484,0,0
6485,0,0
6486,1,1
6487,0,0
6488,1,1
6489,0,0
6490,0,0
6491,1,1
6492,0,0
6493,1,1
6494,0,0
6495,0,0
6496,1,1
6497,0,0
6498,1,1
6499,1,1
6500,1,1
6501,0,0
6502,1,1
6503,1,1
6504,0,0
6505,0,0
6506,0,0
6507,1,1
6508,0,0
6509,1,1
6510,0,0
6511,1,1
6512,0,0
6513,1,1
6514,1,1
6515,1,1
6516,0,0
6517,1,1
6518,0,0
6519,0,0
6520,0,0
6521,1,1
6522,0,0
6523,1,1
6524,0,0
6525,0,0
6526,0,0
6527,0,0
6528,0,0
6529,1,1
6530,0,1
6531,1,1
6532,0,0
6533,1,1
6534,1,1
6535,0,0
6536,0,1
6537,1,1
6538,1,1
6539,0,0
6540,0,0
6541,0,0
6542,1,1
6543,0,0
6544,0,0
6545,0,0
6546,1,1
6547,0,0
6548,0,0
6549,0,0
6550,0,0
6551,0,0
6552,0,0
6553,0,0
6554,1,1
6555,0,0
6556,0,0
6557,1,1
6558,0,0
6559,0,0
6560,0,0
6561,1,1
6562,0,0
6563,1,1
6564,1,1
6565,0,0
6566,1,1
6567,1,1
6568,1,1
6569,1,1
6570,0,0
6571,0,0
6572,1,1
6573,0,0
6574,0,0
6575,1,1
6576,1,1
6577,0,0
6578,0,0
6579,0,0
6580,1,1
6581,1,1
6582,1,1
6583,0,0
6584,1,1
6585,1,1
6586,1,1
6587,1,1
6588,1,1
6589,0,0
6590,1,1
6591,1,1
6592,0,0
6593,0,0
6594,0,0
6595,0,0
6596,1,1
6597,0,0
6598,1,1
6599,0,0
6600,0,0
6601,0,0
6602,1,1
6603,1,1
6604,1,1
6605,0,1
6606,0,0
6607,0,0
6608,1,1
6609,0,0
6610,0,0
6611,1,1
6612,1,1
6613,1,1
6614,1,1
6615,1,1
6616,1,1
6617,0,0
6618,1,1
6619,1,1
6620,1,1
6621,1,1
6622,0,0
6623,0,0
6624,1,1
6625,0,0
6626,0,0
6627,1,1
6628,1,1
6629,0,0
6630,1,0
6631,0,0
6632,0,0
6633,1,1
6634,1,1
6635,0,0
6636,0,0
6637,1,1
6638,1,1
6639,0,0
6640,1,1
6641,0,0
6642,0,0
6643,1,1
6644,1,1
6645,0,0
6646,1,1
6647,0,0
6648,1,1
6649,0,0
6650,0,0
6651,0,0
6652,1,1
6653,0,0
6654,1,1
6655,0,0
6656,1,1
6657,1,1
6658,1,1
6659,0,0
6660,1,1
6661,1,1
6662,0,0
6663,1,1
6664,0,0
6665,1,1
6666,1,1
6667,0,0
6668,0,0
6669,0,0
6670,0,0
6671,1,1
6672,0,0
6673,0,0
6674,1,1
6675,1,1
6676,0,1
6677,1,1
6678,1,1
6679,0,0
6680,1,1
6681,1,1
6682,0,0
6683,0,0
6684,1,1
6685,0,0
6686,0,0
6687,0,0
6688,1,1
6689,1,1
6690,1,1
6691,1,1
6692,1,1
6693,0,0
6694,0,0
6695,1,1
6696,1,1
6697,1,1
6698,1,1
6699,0,0
6700,1,1
6701,1,1
6702,0,0
6703,0,0
6704,1,1
6705,0,0
6706,0,0
6707,1,1
6708,0,0
6709,0,0
6710,1,1
6711,0,0
6712,0,0
6713,0,0
6714,0,0
6715,1,1
6716,1,1
6717,1,1
6718,1,1
6719,0,0
6720,0,0
6721,1,1
6722,1,1
6723,0,0
6724,0,0
6725,0,0
6726,0,0
6727,1,1
6728,0,0
6729,0,0
6730,0,0
6731,0,1
6732,1,1
6733,0,0
6734,0,0
6735,0,0
6736,1,1
6737,1,1
6738,0,0
6739,1,1
6740,0,0
6741,0,0
6742,1,1
6743,1,1
6744,1,1
6745,1,1
6746,1,1
6747,0,0
6748,0,0
6749,0,0
6750,1,1
6751,0,0
6752,1,1
6753,1,1
6754,1,1
6755,0,0
6756,0,0
6757,1,1
6758,0,0
6759,1,1
6760,0,0
6761,0,0
6762,0,0
6763,1,1
6764,1,1
6765,0,0
6766,0,0
6767,0,0
6768,1,1
6769,1,1
6770,1,1
6771,0,0
6772,0,0
6773,1,1
6774,1,1
6775,0,0
6776,0,0
6777,1,1
6778,0,0
6779,1,1
6780,0,0
6781,0,0
6782,1,1
6783,1,1
6784,0,0
6785,0,0
6786,0,0
6787,1,1
6788,1,1
6789,1,1
6790,0,0
6791,0,0
6792,0,0
6793,1,1
6794,1,1
6795,0,0
6796,0,0
6797,0,0
6798,1,0
6799,0,0
6800,1,1
6801,1,1
6802,0,0
6803,1,1
6804,0,0
6805,0,0
6806,0,0
6807,1,1
6808,0,0
6809,1,1
6810,0,0
6811,1,1
6812,0,0
6813,1,1
6814,1,1
6815,1,1
6816,1,1
6817,1,1
6818,1,1
6819,1,1
6820,1,1
6821,1,1
6822,0,0
6823,1,1
6824,0,0
6825,1,1
6826,0,0
6827,1,1
6828,0,0
6829,1,1
6830,0,0
6831,1,1
6832,1,1
6833,0,0
6834,1,1
6835,0,0
6836,1,1
6837,0,0
6838,0,0
6839,0,0
6840,1,1
6841,1,1
6842,0,0
6843,1,1
6844,1,1
6845,0,0
6846,0,0
6847,1,1
6848,1,1
6849,0,0
6850,1,1
6851,0,0
6852,1,1
6853,0,0
6854,1,1
6855,0,0
6856,1,1
6857,0,0
6858,1,1
6859,0,0
6860,0,0
6861,0,0
6862,0,0
6863,1,1
6864,0,0
6865,0,0
6866,0,0
6867,0,0
6868,1,1
6869,1,1
6870,0,0
6871,0,0
6872,1,1
6873,0,1
6874,0,0
6875,0,0
6876,0,0
6877,0,0
6878,0,0
6879,1,1
6880,1,1
6881,1,1
6882,1,1
6883,0,0
6884,0,0
6885,1,1
6886,1,1
6887,1,1
6888,1,1
6889,1,1
6890,1,1
6891,1,1
6892,0,0
6893,1,1
6894,1,1
6895,0,0
6896,1,1
6897,0,0
6898,1,1
6899,1,1
6900,0,0
6901,1,1
6902,1,1
6903,0,0
6904,0,0
6905,0,0
6906,1,1
6907,0,0
6908,0,0
6909,1,1
6910,1,1
6911,0,0
6912,1,1
6913,1,1
6914,1,1
6915,1,1
6916,0,0
6917,0,0
6918,1,1
6919,1,1
6920,1,1
6921,1,1
6922,1,1
6923,1,1
6924,0,0
6925,0,0
6926,0,0
6927,1,1
6928,1,1
6929,0,0
6930,0,0
6931,0,0
6932,1,1
6933,1,1
6934,1,1
6935,0,0
6936,0,0
6937,1,1
6938,0,0
6939,1,1
6940,0,0
6941,0,0
6942,0,0
6943,1,1
6944,0,0
6945,0,0
6946,1,1
6947,0,0
6948,0,0
6949,1,1
6950,1,1
6951,1,1
6952,0,0
6953,0,0
6954,0,0
6955,0,0
6956,0,0
6957,0,0
6958,1,1
6959,1,1
6960,1,1
6961,0,0
6962,1,1
6963,0,0
6964,0,0
6965,0,0
6966,1,1
6967,0,0
6968,0,0
6969,1,1
6970,1,1
6971,0,0
6972,0,0
6973,1,1
6974,0,0
6975,1,1
6976,1,1
6977,1,1
6978,0,1
6979,1,1
6980,0,0
6981,1,1
6982,1,1
6983,0,0
6984,1,1
6985,0,0
6986,0,0
6987,0,0
6988,1,1
6989,1,1
6990,1,1
6991,0,0
6992,0,0
6993,1,1
6994,1,1
6995,0,0
6996,0,0
6997,0,0
6998,0,0
6999,1,1
7000,1,1
7001,1,1
7002,1,1
7003,0,0
7004,0,0
7005,1,1
7006,0,0
7007,0,0
7008,0,0
7009,1,1
7010,1,1
7011,0,0
7012,0,0
7013,1,1
7014,0,0
7015,0,0
7016,1,1
7017,0,0
7018,0,0
7019,1,1
7020,1,1
7021,0,0
7022,0,0
7023,1,1
7024,0,0
7025,0,0
7026,1,1
7027,0,0
7028,1,1
7029,1,1
7030,1,1
7031,1,1
7032,1,1
7033,1,1
7034,0,0
7035,1,1
7036,0,0
7037,0,0
7038,0,0
7039,1,1
7040,1,1
7041,0,0
7042,1,1
7043,1,1
7044,1,1
7045,0,0
7046,0,0
7047,0,0
7048,0,0
7049,0,0
7050,0,0
7051,0,0
7052,1,1
7053,1,1
7054,1,1
7055,0,0
7056,1,0
7057,1,1
7058,0,0
7059,1,1
7060,0,0
7061,0,0
7062,1,1
7063,0,0
7064,0,0
7065,0,0
7066,1,1
7067,0,0
7068,1,1
7069,1,1
7070,0,0
7071,1,1
7072,1,1
7073,1,1
7074,1,1
7075,0,0
7076,0,0
7077,1,1
7078,1,1
7079,1,1
7080,0,0
7081,0,0
7082,0,0
7083,1,1
7084,1,1
7085,1,1
7086,0,0
7087,1,1
7088,0,0
7089,0,0
7090,0,0
7091,0,0
7092,0,0
7093,1,1
7094,1,1
7095,1,1
7096,0,0
7097,0,0
7098,0,0
7099,0,0
7100,0,0
7101,0,0
7102,0,0
7103,0,0
7104,1,1
7105,1,1
7106,1,1
7107,1,1
7108,0,0
7109,0,0
7110,1,1
7111,0,0
7112,0,0
7113,1,1
7114,0,0
7115,1,1
7116,1,1
7117,0,0
7118,0,0
7119,0,1
7120,0,1
7121,0,0
7122,1,1
7123,0,0
7124,1,1
7125,0,0
7126,0,0
7127,1,1
7128,1,1
7129,0,0
7130,0,0
7131,0,0
7132,1,1
7133,0,0
7134,1,1
7135,0,0
7136,0,0
7137,1,1
7138,1,1
7139,1,1
7140,0,0
7141,0,0
7142,1,1
7143,0,0
7144,0,0
7145,1,1
7146,0,0
7147,0,0
7148,0,0
7149,1,1
7150,1,1
7151,0,0
7152,1,1
7153,1,1
7154,0,0
7155,1,1
7156,0,0
7157,0,0
7158,0,0
7159,1,1
7160,1,1
7161,0,0
7162,0,0
7163,0,0
7164,1,1
7165,0,0
7166,0,1
7167,1,1
7168,1,1
7169,0,0
7170,1,1
7171,1,1
7172,0,0
7173,1,1
7174,1,1
7175,1,1
7176,0,0
7177,1,1
7178,0,0
7179,0,0
7180,0,0
7181,0,0
7182,1,1
7183,1,1
7184,0,0
7185,1,1
7186,1,1
7187,0,0
7188,0,0
7189,0,0
7190,0,0
7191,1,1
7192,0,0
7193,0,0
7194,1,1
7195,0,0
7196,1,1
7197,0,0
7198,1,1
7199,0,0
7200,0,0
7201,0,1
7202,1,1
7203,0,0
7204,1,1
7205,1,1
7206,0,0
7207,0,0
7208,1,1
7209,0,0
7210,1,1
7211,1,1
7212,1,1
7213,0,0
7214,1,1
7215,1,1
7216,1,1
7217,0,0
7218,0,0
7219,1,1
7220,0,0
7221,0,0
7222,0,0
7223,1,1
7224,0,0
7225,0,0
7226,0,0
7227,1,1
7228,0,0
7229,0,0
7230,0,0
7231,0,0
7232,1,1
7233,1,1
7234,1,1
7235,1,1
7236,0,0
7237,1,1
7238,0,0
7239,1,1
7240,0,0
7241,0,0
7242,1,1
7243,1,1
7244,0,0
7245,1,1
7246,0,0
7247,0,0
7248,1,1
7249,0,0
7250,0,0
7251,0,0
7252,0,0
7253,0,0
7254,1,1
7255,0,0
7256,1,1
7257,0,0
7258,1,1
7259,1,1
7260,0,0
7261,1,1
7262,0,0
7263,1,1
7264,1,1
7265,0,0
7266,1,1
7267,0,0
7268,1,1
7269,1,1
7270,0,0
7271,1,1
7272,0,0
7273,0,0
7274,1,1
7275,1,1
7276,1,1
7277,0,0
7278,0,0
7279,0,0
7280,1,1
7281,1,1
7282,0,0
7283,1,1
7284,0,0
7285,1,1
7286,0,0
7287,0,1
7288,0,0
7289,0,0
7290,1,1
7291,0,0
7292,0,0
7293,0,0
7294,1,1
7295,1,1
7296,1,1
7297,0,0
7298,0,0
7299,1,1
7300,0,0
7301,1,1
7302,1,1
7303,0,0
7304,0,0
7305,0,0
7306,1,1
7307,0,0
7308,0,0
7309,0,0
7310,0,0
7311,0,0
7312,1,1
7313,0,0
7314,0,0
7315,1,1
7316,1,1
7317,1,1
7318,1,1
7319,0,0
7320,0,0
7321,0,0
7322,1,1
7323,1,1
7324,0,0
7325,1,1
7326,0,0
7327,1,1
7328,1,1
7329,0,0
7330,1,1
7331,1,1
7332,0,1
7333,0,0
7334,1,1
7335,0,0
7336,1,1
7337,0,0
7338,0,0
7339,0,0
7340,0,0
7341,1,1
7342,0,0
7343,1,1
7344,0,0
7345,0,0
7346,1,1
7347,0,0
7348,0,0
7349,0,0
7350,1,1
7351,0,0
7352,0,0
7353,1,1
7354,0,0
7355,0,0
7356,1,1
7357,0,0
7358,0,0
7359,0,0
7360,0,0
7361,0,0
7362,1,1
7363,0,0
7364,0,0
7365,1,1
7366,0,0
7367,1,1
7368,0,0
7369,1,1
7370,0,0
7371,1,1
7372,1,1
7373,1,1
7374,1,1
7375,0,0
7376,0,0
7377,1,1
7378,0,0
7379,0,0
7380,0,0
7381,0,0
7382,1,1
7383,1,1
7384,1,1
7385,1,1
7386,0,0
7387,1,1
7388,1,0
7389,1,1
7390,1,1
7391,0,0
7392,1,1
7393,0,0
7394,0,0
7395,0,0
7396,0,0
7397,0,0
7398,1,1
7399,0,0
7400,1,1
7401,1,1
7402,1,1
7403,0,0
7404,0,0
7405,0,0
7406,1,1
7407,0,0
7408,0,0
7409,0,0
7410,0,0
7411,1,1
7412,0,0
7413,0,0
7414,1,1
7415,1,1
7416,0,0
7417,0,0
7418,0,0
7419,0,0
7420,0,0
7421,0,0
7422,0,0
7423,0,0
7424,0,0
7425,1,1
7426,1,1
7427,1,1
7428,0,0
7429,1,1
7430,0,0
7431,0,0
7432,0,0
7433,0,1
7434,1,1
7435,1,1
7436,0,0
7437,0,0
7438,1,1
7439,1,1
7440,0,0
7441,1,1
7442,0,0
7443,0,0
7444,1,1
7445,1,1
7446,0,0
7447,0,0
7448,0,0
7449,1,1
7450,1,1
7451,1,1
7452,0,0
7453,0,0
7454,0,0
7455,1,1
7456,0,0
7457,0,0
7458,0,0
7459,0,0
7460,1,1
7461,1,1
7462,1,1
7463,0,0
7464,0,0
7465,1,1
7466,1,1
7467,1,1
7468,0,0
7469,1,1
7470,0,0
7471,0,0
7472,1,1
7473,1,1
7474,0,0
7475,1,1
7476,0,0
7477,1,1
7478,0,0
7479,1,1
7480,1,1
7481,0,0
7482,1,1
7483,1,1
7484,1,1
7485,0,0
7486,1,1
7487,1,1
7488,1,1
7489,1,1
7490,0,0
7491,0,0
7492,1,1
7493,1,1
7494,0,0
7495,1,1
7496,0,0
7497,0,0
7498,0,0
7499,0,1
7500,0,0
7501,0,0
7502,1,1
7503,1,1
7504,0,0
7505,1,1
7506,0,0
7507,0,0
7508,1,1
7509,1,1
7510,0,0
7511,0,0
7512,0,0
7513,1,1
7514,1,1
7515,0,0
7516,0,0
7517,1,1
7518,0,0
7519,1,1
7520,0,0
7521,0,0
7522,0,0
7523,1,1
7524,1,1
7525,0,0
7526,1,1
7527,1,1
7528,0,0
7529,1,1
7530,0,0
7531,1,1
7532,0,0
7533,1,1
7534,0,0
7535,0,0
7536,0,0
7537,0,0
7538,0,0
7539,0,0
7540,0,0
7541,0,0
7542,0,0
7543,1,1
7544,1,1
7545,1,1
7546,0,0
7547,0,0
7548,1,1
7549,0,0
7550,1,1
7551,0,0
7552,1,1
7553,0,1
7554,1,1
7555,0,0
7556,0,0
7557,0,0
7558,1,1
7559,0,0
7560,0,0
7561,0,0
7562,0,0
7563,0,0
7564,1,1
7565,0,0
7566,0,0
7567,0,0
7568,0,0
7569,1,1
7570,1,1
7571,1,1
7572,0,0
7573,1,1
7574,1,1
7575,1,1
7576,1,1
7577,0,0
7578,1,1
7579,1,1
7580,0,0
7581,0,0
7582,0,0
7583,0,0
7584,0,0
7585,1,1
7586,1,1
7587,1,1
7588,0,0
7589,1,1
7590,1,1
7591,1,1
7592,0,0
7593,0,0
7594,1,1
7595,0,0
7596,1,1
7597,0,1
7598,1,1
7599,0,0
7600,1,1
7601,0,0
7602,0,0
7603,1,1
7604,1,1
7605,0,0
7606,0,0
7607,1,1
7608,1,1
7609,1,1
7610,0,0
7611,1,1
7612,1,1
7613,0,0
7614,0,0
7615,1,1
7616,0,0
7617,1,1
7618,0,0
7619,0,0
7620,0,0
7621,1,1
7622,0,0
7623,0,0
7624,0,1
7625,1,1
7626,1,1
7627,1,1
7628,1,1
7629,0,0
7630,0,0
7631,0,0
7632,1,1
7633,0,0
7634,0,0
7635,1,1
7636,1,1
7637,0,1
7638,0,0
7639,1,1
7640,1,1
7641,1,1
7642,1,1
7643,1,1
7644,0,0
7645,0,0
7646,0,0
7647,0,0
7648,0,1
7649,0,0
7650,0,0
7651,1,1
7652,1,1
7653,1,1
7654,1,1
7655,1,1
7656,0,0
7657,0,0
7658,1,1
7659,0,0
7660,0,0
7661,0,0
7662,0,0
7663,0,0
7664,0,0
7665,1,1
7666,1,1
7667,0,0
7668,0,0
7669,0,0
7670,1,1
7671,1,1
7672,1,1
7673,1,1
7674,1,1
7675,0,0
7676,1,1
7677,0,0
7678,1,1
7679,0,0
7680,0,0
7681,0,0
7682,0,0
7683,1,1
7684,0,0
7685,0,0
7686,1,1
7687,1,1
7688,0,0
7689,0,0
7690,1,1
7691,1,1
7692,1,1
7693,1,1
7694,1,1
7695,0,0
7696,1,1
7697,1,1
7698,0,0
7699,0,0
7700,0,0
7701,0,0
7702,0,0
7703,0,0
7704,0,0
7705,1,1
7706,0,0
7707,0,0
7708,0,0
7709,0,0
7710,1,1
7711,1,1
7712,1,1
7713,1,1
7714,0,0
7715,1,1
7716,1,0
7717,0,0
7718,1,1
7719,0,0
7720,1,1
7721,1,1
7722,0,0
7723,0,0
7724,1,1
7725,0,0
7726,1,1
7727,1,1
7728,0,0
7729,1,1
7730,0,0
7731,0,0
7732,0,1
7733,1,1
7734,0,0
7735,0,0
7736,0,0
7737,0,0
7738,1,1
7739,1,1
7740,1,1
7741,1,1
7742,0,0
7743,0,0
7744,1,1
7745,1,1
7746,0,0
7747,1,1
7748,0,0
7749,1,1
7750,0,0
7751,0,0
7752,0,0
7753,1,1
7754,1,1
7755,0,0
7756,0,0
7757,1,1
7758,0,0
7759,0,0
7760,1,1
7761,0,0
7762,0,0
7763,1,1
7764,1,1
7765,1,1
7766,1,1
7767,1,1
7768,1,1
7769,0,0
7770,1,1
7771,1,1
7772,0,0
7773,0,0
7774,0,0
7775,0,0
7776,1,1
7777,1,1
7778,1,1
7779,0,0
7780,1,1
7781,0,0
7782,0,0
7783,0,0
7784,1,1
7785,1,1
7786,0,1
7787,1,1
7788,0,0
7789,0,0
7790,0,0
7791,1,1
7792,1,1
7793,0,0
7794,0,0
7795,0,0
7796,0,0
7797,0,0
7798,0,0
7799,1,1
7800,1,1
7801,0,0
7802,0,0
7803,1,1
7804,0,1
7805,0,0
7806,0,0
7807,0,0
7808,0,0
7809,1,1
7810,0,0
7811,1,1
7812,0,0
7813,1,1
7814,1,1
7815,0,0
7816,0,0
7817,1,1
7818,0,0
7819,0,0
7820,0,0
7821,0,1
7822,1,1
7823,1,1
7824,1,1
7825,0,0
7826,0,1
7827,1,1
7828,0,0
7829,1,1
7830,0,1
7831,1,1
7832,0,0
7833,0,0
7834,0,0
7835,1,1
7836,0,0
7837,0,0
7838,0,0
7839,0,0
7840,0,0
7841,0,0
7842,0,0
7843,1,1
7844,0,0
7845,1,1
7846,1,1
7847,0,0
7848,0,1
7849,1,1
7850,0,0
7851,1,1
7852,1,1
7853,0,0
7854,1,1
7855,1,1
7856,0,0
7857,0,0
7858,0,0
7859,1,1
7860,1,1
7861,1,1
7862,1,1
7863,1,1
7864,0,0
7865,1,1
7866,1,1
7867,1,1
7868,0,0
7869,1,1
7870,0,0
7871,0,0
7872,1,1
7873,0,0
7874,0,0
7875,0,0
7876,1,1
7877,1,1
7878,1,1
7879,1,1
7880,1,1
7881,0,0
7882,0,0
7883,1,1
7884,0,0
7885,1,1
7886,0,0
7887,1,1
7888,0,0
7889,1,1
7890,1,1
7891,0,0
7892,0,0
7893,1,1
7894,1,1
7895,1,1
7896,0,0
7897,0,0
7898,0,0
7899,1,1
7900,0,0
7901,1,1
7902,0,0
7903,0,0
7904,1,1
7905,1,1
7906,0,0
7907,0,0
7908,0,0
7909,0,0
7910,1,1
7911,0,0
7912,0,0
7913,0,0
7914,1,1
7915,0,0
7916,1,1
7917,0,0
7918,0,0
7919,1,1
7920,1,1
7921,1,1
7922,0,0
7923,0,0
7924,1,1
7925,1,1
7926,1,1
7927,1,1
7928,0,0
7929,1,1
7930,1,1
7931,0,0
7932,1,1
7933,0,0
7934,0,0
7935,0,0
7936,0,0
7937,1,1
7938,1,1
7939,0,0
7940,0,0
7941,0,0
7942,1,1
7943,0,0
7944,1,1
7945,0,0
7946,1,1
7947,0,0
7948,0,0
7949,1,1
7950,0,0
7951,0,0
7952,1,1
7953,0,0
7954,1,1
7955,1,1
7956,0,0
7957,0,1
7958,0,0
7959,1,1
7960,1,1
7961,1,1
7962,1,1
7963,1,1
7964,0,0
7965,1,1
7966,1,1
7967,1,1
7968,1,1
7969,0,0
7970,0,0
7971,1,1
7972,1,1
7973,0,0
7974,1,1
7975,0,0
7976,0,0
7977,0,0
7978,0,0
7979,1,1
7980,0,0
7981,0,0
7982,0,0
7983,1,1
7984,1,1
7985,1,1
7986,0,0
7987,0,0
7988,0,0
7989,0,0
7990,0,0
7991,1,1
7992,0,0
7993,0,0
7994,0,0
7995,0,0
7996,1,1
7997,1,1
7998,1,1
7999,0,0
8000,0,0
8001,1,1
8002,0,0
8003,0,0
8004,0,0
8005,1,1
8006,1,1
8007,0,0
8008,1,1
8009,0,0
8010,1,1
8011,0,0
8012,1,1
8013,0,0
8014,0,0
8015,1,1
8016,0,0
8017,0,0
8018,0,0
8019,1,1
8020,0,0
8021,0,1
8022,1,1
8023,1,1
8024,1,1
8025,0,0
8026,0,0
8027,1,1
8028,0,0
8029,1,1
8030,0,0
8031,0,0
8032,0,0
8033,1,1
8034,1,1
8035,1,1
8036,1,1
8037,1,1
8038,0,0
8039,0,0
8040,1,1
8041,0,0
8042,0,0
8043,0,0
8044,0,0
8045,1,1
8046,0,0
8047,0,0
8048,1,1
8049,0,0
8050,1,1
8051,0,0
8052,0,0
8053,0,0
8054,0,0
8055,1,1
8056,1,1
8057,1,1
8058,0,0
8059,0,0
8060,0,0
8061,0,0
8062,0,0
8063,0,0
8064,0,0
8065,1,1
8066,1,1
8067,1,1
8068,0,0
8069,0,1
8070,1,1
8071,0,0
8072,1,1
8073,0,0
8074,0,0
8075,1,1
8076,1,1
8077,1,1
8078,0,0
8079,1,1
8080,1,1
8081,1,1
8082,1,1
8083,1,1
8084,1,1
8085,0,0
8086,0,0
8087,0,0
8088,0,0
8089,0,0
8090,1,1
8091,1,1
8092,0,0
8093,0,0
8094,1,1
8095,0,0
8096,0,0
8097,0,0
8098,1,1
8099,1,1
8100,0,0
8101,1,1
8102,1,1
8103,0,0
8104,0,0
8105,1,1
8106,1,1
8107,1,1
8108,0,0
8109,1,1
8110,1,1
8111,1,1
8112,0,0
8113,1,1
8114,0,0
8115,1,1
8116,0,0
8117,1,1
8118,1,1
8119,1,1
8120,0,0
8121,1,1
8122,1,1
8123,0,0
8124,0,0
8125,1,1
8126,1,1
8127,0,0
8128,1,1
8129,1,1
8130,0,0
8131,1,1
8132,0,0
8133,0,0
8134,1,1
8135,0,0
8136,0,0
8137,1,1
8138,1,1
8139,0,0
8140,1,1
8141,1,1
8142,1,1
8143,0,0
8144,1,1
8145,0,0
8146,1,1
8147,0,0
8148,1,1
8149,1,0
8150,1,0
8151,1,1
8152,1,1
8153,0,0
8154,0,0
8155,1,1
8156,0,0
8157,0,0
8158,0,0
8159,0,0
8160,1,1
8161,0,0
8162,1,1
8163,0,0
8164,1,1
8165,0,0
8166,0,0
8167,0,0
8168,1,1
8169,0,0
8170,0,0
8171,1,1
8172,1,1
8173,1,1
8174,0,0
8175,0,0
8176,0,0
8177,1,1
8178,1,1
8179,1,1
8180,1,1
8181,1,1
8182,0,0
8183,1,1
8184,0,0
8185,0,0
8186,0,0
8187,0,0
8188,0,0
8189,0,0
8190,1,1
8191,0,0
8192,1,1
8193,0,0
8194,1,1
8195,0,0
8196,1,1
8197,0,0
8198,1,1
8199,0,0
8200,0,0
8201,0,0
8202,1,1
8203,0,0
8204,1,1
8205,1,1
8206,0,0
8207,1,1
8208,0,0
8209,1,1
8210,0,0
8211,1,1
8212,0,0
8213,0,0
8214,1,1
8215,1,1
8216,0,0
8217,1,1
8218,0,0
8219,0,0
8220,0,0
8221,0,0
8222,0,0
8223,1,1
8224,1,1
8225,1,1
8226,0,0
8227,1,1
8228,0,0
8229,1,1
8230,0,0
8231,1,1
8232,1,1
8233,1,1
8234,0,0
8235,1,1
8236,1,1
8237,1,1
8238,0,0
8239,0,0
8240,0,0
8241,0,0
8242,1,1
8243,1,1
8244,0,1
8245,1,1
8246,0,0
8247,0,0
8248,1,1
8249,0,0
8250,0,0
8251,0,0
8252,0,0
8253,0,0
8254,1,1
8255,0,0
8256,1,1
8257,1,1
8258,0,0
8259,0,0
8260,1,1
8261,0,0
8262,1,1
8263,1,1
8264,0,0
8265,1,1
8266,1,1
8267,1,1
8268,1,1
8269,1,1
8270,1,1
8271,0,0
8272,0,0
8273,1,1
8274,1,1
8275,0,0
8276,0,0
8277,1,1
8278,0,0
8279,0,0
8280,0,0
8281,0,0
8282,0,0
8283,0,0
8284,0,0
8285,0,0
8286,0,0
8287,1,1
8288,0,0
8289,1,1
8290,1,1
8291,1,1
8292,1,1
8293,1,1
8294,0,0
8295,1,1
8296,1,1
8297,0,0
8298,1,1
8299,0,0
8300,0,0
8301,1,1
8302,0,0
8303,0,1
8304,1,0
8305,0,0
8306,1,1
8307,1,1
8308,1,1
8309,0,0
8310,1,1
8311,0,0
8312,1,1
8313,0,0
8314,1,1
8315,0,0
8316,1,1
8317,0,0
8318,0,0
8319,0,0
8320,0,0
8321,0,1
8322,0,0
8323,0,0
8324,0,0
8325,0,0
8326,1,1
8327,1,1
8328,0,0
8329,0,0
8330,0,0
8331,0,0
8332,0,0
8333,0,0
8334,0,0
8335,0,0
8336,1,1
8337,0,0
8338,0,0
8339,0,0
8340,1,1
8341,0,0
8342,0,0
8343,1,1
8344,0,0
8345,1,1
8346,1,1
8347,0,0
8348,1,1
8349,0,0
8350,0,0
8351,0,0
8352,1,1
8353,1,1
8354,0,0
8355,1,1
8356,1,1
8357,0,0
8358,0,0
8359,1,1
8360,0,0
8361,0,0
8362,1,1
8363,1,1
8364,1,1
8365,0,0
8366,0,0
8367,0,0
8368,0,0
8369,1,1
8370,0,0
8371,0,0
8372,0,0
8373,1,1
8374,1,1
8375,0,0
8376,0,0
8377,1,1
8378,0,1
8379,1,1
8380,0,0
8381,1,1
8382,1,1
8383,1,1
8384,0,0
8385,0,0
8386,0,0
8387,0,0
8388,1,1
8389,0,0
8390,0,0
8391,0,0
8392,1,1
8393,0,0
8394,1,1
8395,1,1
8396,1,1
8397,1,1
8398,0,0
8399,1,1
8400,0,0
8401,1,1
8402,0,0
8403,0,0
8404,0,0
8405,0,0
8406,0,0
8407,0,0
8408,1,1
8409,1,1
8410,0,0
8411,1,1
8412,0,0
8413,1,1
8414,0,0
8415,0,0
8416,0,0
8417,0,0
8418,0,0
8419,1,1
8420,0,0
8421,0,0
8422,1,1
8423,1,1
8424,0,0
8425,0,0
8426,1,1
8427,0,1
8428,1,1
8429,1,1
8430,0,0
8431,0,0
8432,1,1
8433,1,1
8434,0,0
8435,1,1
8436,1,1
8437,1,1
8438,1,1
8439,0,0
8440,0,0
8441,1,1
8442,0,0
8443,0,0
8444,1,1
8445,1,1
8446,1,1
8447,1,1
8448,1,1
8449,1,1
8450,1,0
8451,1,1
8452,0,0
8453,1,1
8454,1,1
8455,0,0
8456,0,0
8457,1,1
8458,1,1
8459,0,0
8460,0,0
8461,1,1
8462,0,0
8463,0,0
8464,0,0
8465,1,1
8466,0,0
8467,1,1
8468,1,1
8469,0,0
8470,0,0
8471,0,0
8472,0,0
8473,0,0
8474,1,1
8475,1,1
8476,0,0
8477,1,1
8478,1,1
8479,0,0
8480,0,0
8481,0,0
8482,1,1
8483,0,1
8484,0,0
8485,1,1
8486,0,0
8487,1,1
8488,0,0
8489,0,0
8490,1,1
8491,0,0
8492,0,0
8493,0,0
8494,1,1
8495,0,0
8496,0,0
8497,1,1
8498,1,1
8499,1,1
8500,1,1
8501,0,0
8502,0,0
8503,1,1
8504,1,1
8505,0,0
8506,0,0
8507,1,1
8508,1,1
8509,1,1
8510,1,1
8511,0,0
8512,0,0
8513,0,0
8514,0,0
8515,1,1
8516,0,0
8517,0,0
8518,0,0
8519,1,1
8520,1,1
8521,0,0
8522,1,1
8523,1,1
8524,0,0
8525,0,0
8526,1,1
8527,1,1
8528,0,0
8529,0,0
8530,0,0
8531,0,0
8532,0,0
8533,1,1
8534,1,1
8535,1,1
8536,1,1
8537,0,0
8538,0,0
8539,1,1
8540,0,0
8541,1,1
8542,0,0
8543,1,1
8544,0,0
8545,1,1
8546,1,1
8547,1,1
8548,1,1
8549,0,0
8550,1,1
8551,1,1
8552,1,1
8553,1,1
8554,1,1
8555,1,1
8556,0,0
8557,0,0
8558,1,1
8559,0,0
8560,0,0
8561,1,1
8562,1,1
8563,1,1
8564,1,1
8565,1,1
8566,1,1
8567,1,1
8568,1,1
8569,0,0
8570,1,1
8571,1,1
8572,1,1
8573,1,1
8574,1,1
8575,0,0
8576,0,0
8577,1,1
8578,0,0
8579,1,1
8580,0,0
8581,1,1
8582,0,0
8583,0,1
8584,0,0
8585,0,0
8586,0,0
8587,0,0
8588,0,0
8589,0,0
8590,1,1
8591,1,1
8592,1,1
8593,1,1
8594,0,0
8595,0,0
8596,0,0
8597,1,1
8598,1,1
8599,0,0
8600,0,0
8601,0,0
8602,0,1
8603,0,0
8604,1,1
8605,0,0
8606,1,1
8607,0,0
8608,1,1
8609,0,0
8610,0,0
8611,0,0
8612,0,0
8613,1,1
8614,1,1
8615,0,0
8616,0,0
8617,1,1
8618,0,0
8619,0,0
8620,1,1
8621,1,1
8622,0,0
8623,1,1
8624,1,1
8625,0,0
8626,1,1
8627,1,1
8628,1,1
8629,0,0
8630,1,1
8631,0,0
8632,0,0
8633,0,0
8634,0,0
8635,0,0
8636,1,1
8637,1,1
8638,1,1
8639,1,1
8640,0,0
8641,1,1
8642,0,0
8643,1,1
8644,0,0
8645,0,0
8646,1,1
8647,0,0
8648,1,1
8649,1,1
8650,0,0
8651,1,1
8652,0,0
8653,0,0
8654,0,0
8655,1,0
8656,0,0
8657,1,1
8658,1,1
8659,0,0
8660,0,0
8661,0,0
8662,0,0
8663,1,1
8664,0,0
8665,0,0
8666,0,0
8667,1,1
8668,1,1
8669,1,1
8670,1,1
8671,0,0
8672,1,1
8673,0,0
8674,1,1
8675,0,0
8676,0,0
8677,0,0
8678,1,1
8679,1,1
8680,0,0
8681,1,1
8682,1,1
8683,1,1
8684,0,0
8685,0,0
8686,0,0
8687,1,1
8688,1,1
8689,0,0
8690,1,1
8691,0,0
8692,0,0
8693,1,1
8694,1,1
8695,1,1
8696,0,0
8697,0,0
8698,1,1
8699,0,0
8700,0,0
8701,0,0
8702,0,0
8703,0,0
8704,0,0
8705,1,1
8706,0,0
8707,1,1
8708,0,0
8709,0,0
8710,1,1
8711,0,0
8712,1,1
8713,0,0
8714,1,1
8715,0,0
8716,1,1
8717,1,1
8718,0,0
8719,1,1
8720,0,0
8721,0,0
8722,0,0
8723,0,0
8724,0,0
8725,1,1
8726,0,0
8727,0,0
8728,1,1
8729,0,0
8730,0,0
8731,1,1
8732,1,1
8733,1,1
8734,0,0
8735,0,0
8736,0,0
8737,0,0
8738,0,0
8739,0,0
8740,0,0
8741,0,0
8742,1,1
8743,1,1
8744,0,0
8745,1,1
8746,0,0
8747,0,0
8748,1,1
8749,0,0
8750,1,1
8751,1,1
8752,1,1
8753,1,1
8754,1,1
8755,1,1
8756,1,1
8757,0,0
8758,0,0
8759,0,0
8760,0,0
8761,1,1
8762,1,1
8763,0,0
8764,0,0
8765,1,1
8766,0,0
8767,0,0
8768,0,0
8769,0,0
8770,0,0
8771,0,0
8772,1,1
8773,1,1
8774,1,1
8775,0,0
8776,1,1
8777,1,1
8778,1,1
8779,0,0
8780,1,1
8781,1,1
8782,1,1
8783,0,0
8784,1,1
8785,1,1
8786,1,1
8787,0,0
8788,1,0
8789,0,0
8790,1,1
8791,1,1
8792,0,0
8793,1,1
8794,0,0
8795,0,0
8796,1,1
8797,0,0
8798,1,1
8799,1,1
8800,0,0
8801,1,1
8802,1,1
8803,1,1
8804,0,0
8805,1,1
8806,1,1
8807,0,0
8808,1,1
8809,1,1
8810,0,0
8811,1,1
8812,1,1
8813,1,1
8814,0,0
8815,0,0
8816,1,1
8817,0,0
8818,1,1
8819,0,0
8820,1,1
8821,1,1
8822,1,1
8823,0,0
8824,1,1
8825,1,1
8826,0,0
8827,0,0
8828,0,0
8829,0,0
8830,1,1
8831,1,1
8832,0,0
8833,0,0
8834,0,0
8835,1,1
8836,0,0
8837,0,0
8838,1,1
8839,1,0
8840,1,1
8841,0,0
8842,0,0
8843,0,0
8844,0,0
8845,1,1
8846,1,1
8847,1,1
8848,1,1
8849,0,0
8850,0,0
8851,0,0
8852,0,0
8853,0,0
8854,1,1
8855,0,0
8856,0,0
8857,0,0
8858,1,1
8859,0,0
8860,1,1
8861,0,0
8862,1,1
8863,0,0
8864,0,0
8865,1,1
8866,1,1
8867,1,1
8868,1,1
8869,0,0
8870,1,1
8871,0,0
8872,0,0
8873,1,1
8874,1,1
8875,1,1
8876,0,0
8877,0,0
8878,0,0
8879,0,0
8880,0,0
8881,1,1
8882,1,1
8883,0,0
8884,1,1
8885,1,1
8886,0,0
8887,0,0
8888,1,1
8889,0,0
8890,0,0
8891,0,0
8892,0,0
8893,1,1
8894,0,0
8895,0,0
8896,0,0
8897,0,0
8898,0,0
8899,1,1
8900,1,1
8901,0,0
8902,0,0
8903,1,1
8904,0,0
8905,1,1
8906,1,1
8907,1,1
8908,1,1
8909,0,0
8910,0,0
8911,1,1
8912,0,0
8913,1,1
8914,0,0
8915,0,0
8916,0,0
8917,0,0
8918,1,1
8919,0,0
8920,1,1
8921,1,1
8922,0,0
8923,1,1
8924,1,1
8925,1,1
8926,1,1
8927,0,0
8928,0,0
8929,1,1
8930,1,1
8931,0,0
8932,1,1
8933,0,0
8934,1,1
8935,1,1
8936,0,0
8937,1,1
8938,0,0
8939,0,0
8940,1,1
8941,0,0
8942,1,1
8943,0,0
8944,1,1
8945,1,1
8946,1,1
8947,1,1
8948,0,0
8949,1,1
8950,0,0
8951,1,1
8952,1,1
8953,1,1
8954,0,0
8955,1,1
8956,0,0
8957,1,1
8958,0,0
8959,0,0
8960,1,1
8961,1,1
8962,1,1
8963,1,1
8964,0,0
8965,0,0
8966,1,1
8967,1,1
8968,0,0
8969,1,1
8970,0,0
8971,0,0
8972,1,0
8973,1,1
8974,0,0
8975,1,0
8976,0,0
8977,0,0
8978,0,0
8979,1,1
8980,0,0
8981,0,0
8982,1,1
8983,1,1
8984,1,1
8985,1,1
8986,1,1
8987,1,1
8988,0,0
8989,0,0
8990,1,1
8991,1,1
8992,0,0
8993,0,0
8994,1,1
8995,0,0
8996,0,0
8997,0,0
8998,0,0
8999,1,1
9000,0,0
9001,0,0
9002,1,1
9003,0,0
9004,0,0
9005,1,1
9006,1,1
9007,0,0
9008,1,1
9009,0,0
9010,0,0
9011,1,1
9012,1,1
9013,1,1
9014,1,1
9015,0,0
9016,1,1
9017,0,0
9018,1,1
9019,0,0
9020,1,1
9021,1,1
9022,0,0
9023,1,1
9024,1,1
9025,0,0
9026,1,1
9027,0,0
9028,0,0
9029,0,0
9030,0,0
9031,1,1
9032,1,1
9033,0,0
9034,1,1
9035,1,1
9036,1,1
9037,0,1
9038,0,0
9039,1,1
9040,0,0
9041,1,1
9042,1,1
9043,1,1
9044,1,1
9045,0,0
9046,1,1
9047,0,0
9048,1,1
9049,1,1
9050,0,0
9051,0,0
9052,1,1
9053,1,1
9054,1,1
9055,0,0
9056,0,0
9057,1,1
9058,1,1
9059,0,0
9060,1,1
9061,0,0
9062,1,1
9063,0,0
9064,1,1
9065,0,0
9066,1,1
9067,0,0
9068,1,1
9069,1,1
9070,0,0
9071,1,1
9072,1,1
9073,0,0
9074,1,1
9075,1,1
9076,1,1
9077,1,1
9078,1,1
9079,1,1
9080,1,1
9081,0,0
9082,0,0
9083,1,1
9084,0,0
9085,1,1
9086,1,1
9087,0,0
9088,0,0
9089,1,1
9090,0,0
9091,1,1
9092,0,0
9093,0,0
9094,0,0
9095,1,1
9096,1,1
9097,0,0
9098,0,0
9099,0,0
9100,0,0
9101,1,1
9102,1,1
9103,1,1
9104,0,0
9105,1,1
9106,1,1
9107,1,1
9108,0,0
9109,1,1
9110,0,0
9111,0,0
9112,0,0
9113,1,1
9114,0,0
9115,0,0
9116,1,1
9117,1,1
9118,0,0
9119,0,0
9120,0,0
9121,0,0
9122,1,1
9123,1,1
9124,1,1
9125,1,1
9126,0,0
9127,1,0
9128,0,0
9129,0,0
9130,1,1
9131,0,0
9132,0,0
9133,1,1
9134,0,0
9135,0,0
9136,1,1
9137,0,0
9138,0,0
9139,1,1
9140,1,1
9141,0,0
9142,0,0
9143,1,1
9144,0,0
9145,0,0
9146,1,1
9147,0,0
9148,1,1
9149,0,0
9150,0,0
9151,0,0
9152,1,1
9153,0,0
9154,1,1
9155,0,0
9156,0,0
9157,1,1
9158,1,1
9159,0,0
9160,0,0
9161,0,0
9162,1,1
9163,0,0
9164,1,1
9165,0,0
9166,1,1
9167,1,1
9168,0,0
9169,1,1
9170,1,1
9171,0,0
9172,0,0
9173,0,0
9174,1,1
9175,0,0
9176,0,0
9177,0,0
9178,0,0
9179,1,1
9180,0,0
9181,0,1
9182,0,0
9183,1,1
9184,1,1
9185,0,1
9186,0,0
9187,1,1
9188,1,1
9189,0,0
9190,0,0
9191,1,1
9192,0,0
9193,0,0
9194,0,0
9195,0,0
9196,1,1
9197,1,1
9198,0,0
9199,1,1
9200,0,0
9201,0,0
9202,1,1
9203,0,0
9204,1,1
9205,1,1
9206,0,0
9207,1,1
9208,1,1
9209,0,0
9210,1,1
9211,0,0
9212,1,1
9213,0,0
9214,0,0
9215,1,1
9216,1,1
9217,1,1
9218,0,0
9219,1,1
9220,1,1
9221,1,1
9222,1,1
9223,0,0
9224,0,0
9225,0,0
9226,1,1
9227,1,1
9228,0,0
9229,0,0
9230,0,0
9231,1,1
9232,1,1
9233,0,0
9234,1,1
9235,0,0
9236,0,0
9237,0,0
9238,0,0
9239,0,0
9240,1,1
9241,0,0
9242,0,0
9243,0,0
9244,0,0
9245,0,0
9246,1,1
9247,0,0
9248,0,0
9249,1,1
9250,1,1
9251,0,0
9252,0,0
9253,0,0
9254,1,1
9255,0,1
9256,1,1
9257,1,1
9258,0,0
9259,1,1
9260,0,0
9261,0,0
9262,1,1
9263,0,1
9264,0,0
9265,1,1
9266,1,1
9267,0,0
9268,0,0
9269,1,1
9270,1,1
9271,0,0
9272,1,1
9273,1,1
9274,1,1
9275,0,0
9276,1,1
9277,1,1
9278,1,1
9279,1,1
9280,1,1
9281,0,0
9282,1,1
9283,0,0
9284,1,1
9285,1,1
9286,0,0
9287,1,1
9288,1,1
9289,0,0
9290,0,0
9291,1,1
9292,0,0
9293,0,0
9294,1,1
9295,1,1
9296,0,0
9297,1,1
9298,0,0
9299,1,1
9300,1,1
9301,1,1
9302,0,0
9303,1,1
9304,1,1
9305,1,1
9306,0,0
9307,0,0
9308,0,0
9309,0,0
9310,1,1
9311,0,0
9312,1,1
9313,0,0
9314,0,0
9315,1,1
9316,0,0
9317,1,1
9318,0,0
9319,0,0
9320,1,1
9321,1,1
9322,1,1
9323,1,1
9324,0,0
9325,0,0
9326,0,0
9327,1,1
9328,1,1
9329,0,0
9330,1,1
9331,1,1
9332,0,0
9333,1,1
9334,0,0
9335,1,1
9336,1,1
9337,0,0
9338,1,1
9339,0,0
9340,1,1
9341,0,0
9342,1,1
9343,0,0
9344,0,0
9345,0,0
9346,0,0
9347,0,0
9348,1,1
9349,0,0
9350,0,0
9351,0,0
9352,0,0
9353,0,0
9354,1,1
9355,1,1
9356,0,0
9357,0,0
9358,1,1
9359,1,1
9360,1,1
9361,1,1
9362,1,1
9363,1,1
9364,1,1
9365,1,1
9366,1,1
9367,0,0
9368,0,0
9369,0,0
9370,1,1
9371,0,0
9372,0,0
9373,0,0
9374,1,1
9375,0,0
9376,0,0
9377,0,0
9378,1,1
9379,0,0
9380,0,0
9381,1,1
9382,1,1
9383,0,0
9384,1,1
9385,0,0
9386,1,1
9387,0,0
9388,1,1
9389,1,1
9390,1,1
9391,0,0
9392,0,0
9393,0,0
9394,0,0
9395,1,1
9396,1,1
9397,1,1
9398,0,0
9399,0,0
9400,0,0
9401,1,1
9402,1,1
9403,1,1
9404,1,1
9405,0,0
9406,0,0
9407,1,1
9408,0,0
9409,0,0
9410,0,0
9411,0,0
9412,1,1
9413,0,0
9414,0,0
9415,0,0
9416,0,0
9417,1,1
9418,0,0
9419,1,1
9420,1,1
9421,1,1
9422,1,1
9423,1,1
9424,1,1
9425,0,0
9426,1,1
9427,1,1
9428,0,0
9429,0,0
9430,0,0
9431,0,0
9432,0,0
9433,1,1
9434,0,0
9435,1,1
9436,0,0
9437,1,1
9438,0,0
9439,0,0
9440,1,1
9441,1,1
9442,0,0
9443,0,0
9444,1,1
9445,1,1
9446,0,0
9447,0,0
9448,0,0
9449,0,0
9450,1,1
9451,1,1
9452,1,1
9453,0,0
9454,0,0
9455,1,1
9456,0,0
9457,0,0
9458,0,0
9459,0,0
9460,0,0
9461,0,0
9462,1,1
9463,0,0
9464,0,0
9465,1,1
9466,0,0
9467,1,1
9468,0,0
9469,1,1
9470,0,0
9471,0,0
9472,0,0
9473,1,1
9474,1,1
9475,0,0
9476,0,0
9477,1,1
9478,0,0
9479,1,1
9480,0,0
9481,0,0
9482,0,0
9483,1,1
9484,1,1
9485,0,0
9486,1,1
9487,0,0
9488,1,1
9489,0,0
9490,1,1
9491,1,1
9492,0,0
9493,1,1
9494,0,0
9495,0,0
9496,0,0
9497,1,1
9498,1,1
9499,0,0
9500,0,0
9501,0,0
9502,0,0
9503,0,0
9504,0,0
9505,0,0
9506,1,1
9507,0,0
9508,1,1
9509,1,1
9510,1,1
9511,1,1
9512,0,0
9513,1,1
9514,1,1
9515,1,1
9516,0,0
9517,0,1
9518,1,1
9519,1,1
9520,0,0
9521,1,1
9522,1,1
9523,0,0
9524,1,1
9525,0,0
9526,0,0
9527,1,1
9528,0,0
9529,0,0
9530,1,1
9531,0,0
9532,0,0
9533,1,1
9534,1,1
9535,1,1
9536,1,1
9537,1,1
9538,0,0
9539,0,0
9540,0,0
9541,1,1
9542,1,1
9543,1,1
9544,0,0
9545,0,0
9546,1,1
9547,0,0
9548,1,1
9549,0,0
9550,1,1
9551,1,1
9552,0,0
9553,1,1
9554,0,0
9555,1,1
9556,0,0
9557,1,1
9558,1,1
9559,1,1
9560,0,0
9561,1,1
9562,1,1
9563,1,1
9564,0,0
9565,0,0
9566,1,0
9567,1,1
9568,1,1
9569,1,1
9570,0,0
9571,1,1
9572,0,0
9573,0,0
9574,0,0
9575,0,0
9576,0,1
9577,1,1
9578,1,1
9579,1,1
9580,1,1
9581,0,0
9582,0,0
9583,0,0
9584,0,0
9585,0,0
9586,0,0
9587,0,0
9588,1,1
9589,0,0
9590,1,1
9591,0,0
9592,1,1
9593,1,1
9594,1,1
9595,0,0
9596,0,0
9597,1,1
9598,1,1
9599,0,0
9600,0,0
9601,0,0
9602,0,0
9603,0,0
9604,1,1
9605,1,1
9606,1,1
9607,1,1
9608,0,0
9609,0,0
9610,1,1
9611,0,0
9612,0,0
9613,0,0
9614,1,1
9615,1,1
9616,1,1
9617,1,1
9618,0,0
9619,1,1
9620,1,1
9621,0,0
9622,1,1
9623,1,1
9624,1,1
9625,0,0
9626,1,1
9627,1,1
9628,1,1
9629,1,1
9630,1,1
9631,0,0
9632,0,0
9633,1,1
9634,0,0
9635,0,0
9636,0,0
9637,0,0
9638,0,0
9639,1,1
9640,0,0
9641,1,1
9642,1,1
9643,0,0
9644,0,0
9645,1,1
9646,0,0
9647,0,0
9648,0,0
9649,1,1
9650,1,1
9651,0,0
9652,0,0
9653,0,0
9654,0,0
9655,1,1
9656,1,1
9657,1,1
9658,0,0
9659,0,0
9660,1,1
9661,0,0
9662,1,1
9663,1,1
9664,0,0
9665,1,1
9666,1,1
9667,1,1
9668,1,1
9669,0,0
9670,0,0
9671,1,1
9672,0,0
9673,1,1
9674,0,0
9675,0,0
9676,0,0
9677,1,1
9678,0,0
9679,0,0
9680,0,0
9681,0,0
9682,0,0
9683,0,0
9684,0,0
9685,1,1
9686,0,0
9687,1,1
9688,0,0
9689,0,0
9690,1,1
9691,1,1
9692,0,0
9693,1,1
9694,0,0
9695,0,0
9696,1,1
9697,0,0
9698,0,0
9699,0,0
9700,0,0
9701,0,0
9702,1,1
9703,1,1
9704,1,1
9705,1,1
9706,0,0
9707,0,0
9708,0,0
9709,1,1
9710,0,0
9711,1,1
9712,0,0
9713,0,0
9714,1,1
9715,0,0
9716,1,1
9717,1,1
9718,1,1
9719,0,0
9720,1,1
9721,1,1
9722,0,0
9723,0,0
9724,1,1
9725,0,0
9726,0,0
9727,0,0
9728,1,1
9729,1,1
9730,0,0
9731,1,1
9732,0,0
9733,1,1
9734,0,0
9735,1,1
9736,0,1
9737,1,1
9738,0,0
9739,0,0
9740,1,1
9741,1,1
9742,0,0
9743,0,0
9744,0,0
9745,1,1
9746,0,0
9747,1,1
9748,0,0
9749,1,1
9750,0,0
9751,1,1
9752,0,0
9753,1,1
9754,1,1
9755,1,1
9756,0,0
9757,0,0
9758,0,0
9759,1,1
9760,0,0
9761,1,1
9762,0,0
9763,0,0
9764,1,1
9765,1,1
9766,0,1
9767,1,1
9768,0,0
9769,1,1
9770,0,0
9771,0,0
9772,1,1
9773,0,0
9774,0,0
9775,1,1
9776,0,0
9777,1,1
9778,0,0
9779,0,0
9780,0,0
9781,1,1
9782,0,0
9783,1,1
9784,0,0
9785,0,0
9786,0,0
9787,1,1
9788,0,0
9789,1,1
9790,0,0
9791,1,1
9792,1,1
9793,0,0
9794,0,0
9795,0,0
9796,0,0
9797,1,1
9798,0,0
9799,1,1
9800,1,1
9801,0,0
9802,0,0
9803,0,0
9804,1,1
9805,1,1
9806,1,1
9807,0,0
9808,0,0
9809,0,0
9810,0,0
9811,1,1
9812,1,1
9813,0,0
9814,0,0
9815,0,0
9816,0,0
9817,1,1
9818,0,0
9819,1,1
9820,1,1
9821,1,1
9822,0,0
9823,0,0
9824,1,1
9825,0,0
9826,1,1
9827,1,1
9828,0,0
9829,0,0
9830,0,0
9831,0,0
9832,0,0
9833,0,0
9834,1,1
9835,0,0
9836,1,1
9837,0,0
9838,0,0
9839,0,0
9840,0,0
9841,1,1
9842,1,1
9843,1,1
9844,0,0
9845,0,0
9846,1,1
9847,1,1
9848,1,1
9849,0,0
9850,0,0
9851,1,1
9852,1,1
9853,0,0
9854,0,0
9855,1,1
9856,0,0
9857,1,1
9858,1,1
9859,0,0
9860,0,0
9861,1,1
9862,1,1
9863,0,0
9864,0,0
9865,1,1
9866,1,1
9867,0,0
9868,1,1
9869,1,1
9870,1,1
9871,1,1
9872,1,1
9873,1,1
9874,1,1
9875,0,0
9876,0,0
9877,0,0
9878,0,0
9879,1,1
9880,0,0
9881,0,0
9882,1,1
9883,1,1
9884,0,0
9885,0,0
9886,0,0
9887,0,0
9888,1,1
9889,1,1
9890,0,0
9891,0,0
9892,1,1
9893,1,1
9894,0,1
9895,0,0
9896,1,1
9897,1,1
9898,1,1
9899,1,1
9900,1,1
9901,0,0
9902,1,1
9903,0,0
9904,0,0
9905,0,0
9906,0,0
9907,0,0
9908,0,0
9909,1,1
9910,0,0
9911,1,1
9912,1,1
9913,1,1
9914,1,1
9915,0,0
9916,1,1
9917,0,0
9918,1,1
9919,0,0
9920,0,0
9921,0,0
9922,0,0
9923,0,0
9924,0,0
9925,1,1
9926,1,1
9927,0,0
9928,0,0
9929,1,1
9930,0,0
9931,0,0
9932,1,1
9933,1,1
9934,0,0
9935,1,1
9936,1,1
9937,1,1
9938,1,1
9939,1,0
9940,0,0
9941,0,0
9942,1,1
9943,0,0
9944,1,1
9945,1,0
9946,0,0
9947,0,0
9948,1,1
9949,1,1
9950,0,0
9951,1,1
9952,0,0
9953,0,0
9954,1,1
9955,0,0
9956,0,0
9957,0,0
9958,1,1
9959,1,1
9960,0,0
9961,0,0
9962,0,0
9963,0,0
9964,1,1
9965,1,1
9966,1,1
9967,0,0
9968,0,0
9969,0,0
9970,1,1
9971,1,1
9972,0,0
9973,1,1
9974,1,1
9975,0,0
9976,1,1
9977,0,0
9978,0,0
9979,0,0
9980,0,0
9981,0,0
9982,0,0
9983,0,0
9984,0,0
9985,1,1
9986,0,0
9987,0,0
9988,0,0
9989,0,0
9990,1,1
9991,0,0
9992,1,1
9993,1,1
9994,0,0
9995,0,0
9996,0,1
9997,0,0
9998,0,0
9999,1,1
